#{"t_start": 1676101158.716432, "env_id": null}
r,l,t
-5614923.6,23665,110.971942
-5671827.4,23665,218.668147
-4366258.8,23665,322.248957
-3989029.8,23665,428.41274
-2883843.6,23665,533.588352
-3088270.6,23665,640.093884
-3834836.6,23665,746.476369
-4240171.2,23665,851.161113
-4244734.0,23665,956.986608
-4466172.2,23665,1061.602504
-4724234.4,23665,1169.337104
-5028916.4,23665,1275.2667
-5304714.4,23665,1382.731231
-5291466.2,23665,1487.75813
-5242769.2,23665,1597.328014
-5226157.4,23665,1702.535822
-5310954.8,23665,1810.788208
-5363933.2,23665,1914.882523
-5307817.2,23665,2023.451106
-5263009.0,23665,2128.519842
-5183320.4,23665,2235.320621
-5158049.0,23665,2340.044099
-4977326.6,23665,2447.548656
-5052759.2,23665,2553.068164
-4994095.8,23665,2660.061186
-5024709.0,23665,2767.672177
-2560934.2,23665,2876.342118
-2691921.8,23665,2983.894942
-2578579.4,23665,3093.030356
-2574844.8,23665,3201.880002
-2612507.2,23665,3310.751949
-2604199.0,23665,3417.753438
-2533414.8,23665,3526.341989
-2517488.2,23665,3634.863484
-2514283.6,23665,3746.964017
-2475191.4,23665,3854.975614
-2534304.0,23665,3965.412749
-2522062.2,23665,4072.80061
-2524409.2,23665,4181.856923
-2465926.4,23665,4289.975358
-2516972.8,23665,4400.714083
-2509650.8,23665,4507.721588
-2486975.4,23665,4614.769137
-2486874.4,23665,4721.492439
-2446753.6,23665,4831.042786
-2437281.6,23665,4940.58609
-2431122.2,23665,5047.872673
-2419987.6,23665,5156.461094
-2425072.0,23665,5264.984435
-2335799.4,23665,5373.298718
-2341177.8,23665,5482.911365
-2292838.8,23665,5591.636055
-2292380.0,23665,5699.332268
-2347529.6,23665,5807.096315
-2258984.6,23665,5915.489433
-2255554.8,23665,6026.349752
-2346890.4,23665,6134.458077
-2408239.4,23665,6241.995673
-2340896.8,23665,6350.430279
-2321401.4,23665,6458.793994
-2334501.6,23665,6569.919261
-2289541.4,23665,6680.343979
-2201379.2,23665,6788.722087
-2279223.8,23665,6897.273104
-2252741.0,23665,7004.709404
-2231709.8,23665,7116.085008
-2183732.8,23665,7226.836777
-2167756.6,23665,7336.505808
-2213769.0,23665,7447.141598
-2160127.4,23665,7553.97047
-2150239.4,23665,7662.710152
-2153688.0,23665,7770.812821
-2136487.0,23665,7880.653898
-2181547.0,23665,7990.285591
-2179910.2,23665,8097.585332
-2172112.2,23665,8207.28964
-2198850.4,23665,8315.16384
-2144466.8,23665,8424.259801
-2150958.4,23665,8531.24235
-2149178.4,23665,8637.648514
-2133166.4,23665,8746.647193
-2195197.0,23665,8855.75278
-2179240.0,23665,8963.769926
-2187480.0,23665,9070.281337
-2137109.2,23665,9178.713049
-2193612.2,23665,9287.646163
-2167266.0,23665,9396.082404
-2162319.4,23665,9508.302172
-2160103.2,23665,9616.879567
-2168590.4,23665,9723.742425
-2131869.8,23665,9830.271151
-2149044.0,23665,9938.720821
-2123460.8,23665,10046.106613
-2129635.2,23665,10160.285826
-2150387.6,23665,10267.983158
-2067780.8,23665,10376.016379
-2108379.0,23665,10483.9929
-2139413.8,23665,10594.447141
-2159971.8,23665,10703.942932
-2150940.6,23665,10812.803542
-2130177.4,23665,10921.532223
-2174727.2,23665,11030.097337
-2149075.4,23665,11135.885326
-2140563.0,23665,11245.654223
-2155904.0,23665,11355.21566
-2149466.8,23665,11464.187419
-2134079.6,23665,11572.163806
-2169739.8,23665,11684.353598
-2157062.2,23665,11793.782667
-2159960.8,23665,11905.242859
-2186588.2,23665,12014.348743
-2253501.2,23665,12125.62467
-2194751.6,23665,12230.965678
-2162239.0,23665,12341.072513
-2140890.4,23665,12449.018592
-2177063.6,23665,12558.691555
-2208427.6,23665,12666.200626
-2184930.0,23665,12775.350507
-2178578.6,23665,12883.800511
-2179263.0,23665,12996.103621
-2181671.2,23665,13105.748586
-2196718.6,23665,13213.079395
-2186912.8,23665,13321.00949
-2235240.8,23665,13432.62936
-2232697.4,23665,13540.406251
-2164025.0,23665,13647.24837
-2183540.4,23665,13754.990471
-2191784.2,23665,13863.160968
-2210741.6,23665,13968.837798
-2211123.2,23665,14078.85258
-2182692.6,23665,14190.247325
-2273452.0,23665,14301.053386
-2230380.4,23665,14408.331964
-2202091.2,23665,14517.276803
-2183919.6,23665,14626.718508
-2164767.8,23665,14736.851027
-4190384.8,23665,14846.258323
-4103817.6,23665,14954.61651
-4175468.2,23665,15061.364976
-4127873.4,23665,15172.011431
-4142372.0,23665,15279.350326
-4136389.4,23665,15388.195482
-4148659.6,23665,15497.421972
-4147645.2,23665,15606.827334
-4078003.4,23665,15715.103937
-4045838.8,23665,15823.702074
-4143339.0,23665,15931.272264
-4122453.6,23665,16040.19279
-4088140.8,23665,16147.471807
-4073478.4,23665,16256.60005
-4165851.2,23665,16364.422434
-4114635.8,23665,16475.256896
-4124910.0,23665,16585.161357
-4145248.2,23665,16693.643534
-4248027.2,23665,16803.084928
-4110436.8,23665,16912.069771
-4126470.2,23665,17019.690959
-4169379.2,23665,17128.9019
-4144297.2,23665,17236.597738
-4076398.2,23665,17345.319466
-4094328.8,23665,17453.355872
-4079711.2,23665,17561.081816
-4101470.4,23665,17668.011309
-4172119.0,23665,17777.4617
-4129093.0,23665,17885.88679
-4154764.0,23665,17997.475297
-2574386.4,23665,18105.790435
-2569888.0,23665,18215.350795
-4140673.4,23665,18325.098008
-4147370.0,23665,18436.221929
-4090425.6,23665,18544.781122
-2731862.0,23665,18655.002074
-2400743.4,23665,18763.081089
-2297772.0,23665,18873.969071
-2350524.8,23665,18982.683213
-2363145.2,23665,19092.012516
-2532885.4,23665,19201.648977
-2330847.8,23665,19311.132642
-2375338.2,23665,19417.800919
-2387186.0,23665,19526.324596
-2388469.2,23665,19635.782733
-2360394.6,23665,19743.767659
-2349400.8,23665,19850.685351
-2345180.2,23665,19959.084568
-2315702.2,23665,20066.45306
-2311236.2,23665,20175.248605
-2287122.2,23665,20282.088897
-2266451.6,23665,20393.881145
-2278499.6,23665,20501.141935
-2309883.8,23665,20611.170117
-2285618.2,23665,20719.399698
-2305247.6,23665,20829.255013
-2285036.0,23665,20938.849374
-2300325.8,23665,21046.783101
-2255503.0,23665,21155.529248
-2288159.2,23665,21266.68873
-2276124.4,23665,21377.788661
-2268394.8,23665,21486.419482
-2256383.0,23665,21592.983198
-2256849.0,23665,21702.474196
-2254341.0,23665,21810.103162
-2217620.0,23665,21919.836126
-2208393.2,23665,22027.192484
-2200553.8,23665,22134.694031
-2206827.4,23665,22241.293414
-2212167.2,23665,22349.859249
-2208877.4,23665,22458.91503
-2213379.4,23665,22567.393059
-2215049.6,23665,22675.174046
-2219015.4,23665,22785.035824
-2227958.6,23665,22893.525806
-2240645.2,23665,23005.005421
-2191315.0,23665,23113.420298
-2218893.6,23665,23220.590713
-2182616.6,23665,23329.364122
-2187007.8,23665,23440.08178
-2170413.4,23665,23548.423784
-2163590.0,23665,23658.973058
-2163173.6,23665,23768.695262
-2190021.4,23665,23879.490974
-2138579.8,23665,23988.469421
-2179613.6,23665,24098.315125
-2167152.8,23665,24206.855282
-2166809.2,23665,24316.535986
-2156724.4,23665,24426.006257
-2171286.0,23665,24533.500332
-2166373.6,23665,24640.645738
-2154770.8,23665,24751.040151
-2141267.6,23665,24859.634917
-2142518.2,23665,24971.3823
-2145869.0,23665,25080.812439
-2140304.2,23665,25190.23222
-2141494.2,23665,25300.76099
-2119463.6,23665,25411.530187
-2124280.8,23665,25521.135218
-2122281.0,23665,25629.441925
-2122956.2,23665,25738.544872
-2129157.6,23665,25845.614465
-2127201.0,23665,25955.340498
-2143620.6,23665,26065.990736
-2140029.8,23665,26173.449189
-2130569.2,23665,26282.006701
-2145087.4,23665,26390.826904
-2131048.4,23665,26500.515497
-2139018.2,23665,26609.608205
-2121315.4,23665,26718.104793
-2118638.0,23665,26826.479992
-2130658.8,23665,26937.47263
-2115430.4,23665,27046.204784
-2123929.2,23665,27156.552173
-2128932.4,23665,27265.031935
-2126993.4,23665,27376.415711
-2130172.4,23665,27485.960301
-2128895.6,23665,27595.738732
-2082537.6,23665,27705.839773
-2121370.4,23665,27808.919382
-2116611.0,23665,27917.361781
-2120865.0,23665,28024.62296
-2078831.8,23665,28133.005591
-2108183.2,23665,28243.460212
-2116545.4,23665,28352.433913
-2131590.0,23665,28462.699024
-2090091.4,23665,28570.279999
-2083038.8,23665,28677.768855
-2088314.2,23665,28785.060135
-2075106.8,23665,28892.721678
-2090093.4,23665,29001.908897
-2088275.4,23665,29109.103209
-2072609.6,23665,29217.647964
-2089568.4,23665,29325.607332
-2088537.8,23665,29432.976496
-2086442.6,23665,29542.107077
-2061735.6,23665,29650.774283
-2085059.6,23665,29759.991917
-2074081.0,23665,29869.273834
-2072964.2,23665,29978.173406
-2094483.6,23665,30086.548305
-2104045.0,23665,30194.300925
-2062532.6,23665,30302.869589
-2076833.0,23665,30409.820477
-2082086.8,23665,30517.963145
-2074303.0,23665,30628.520308
-2065708.4,23665,30737.878691
-2068052.4,23665,30848.807783
-2067769.4,23665,30957.72368
-2029311.2,23665,31066.567799
-2077069.8,23665,31175.483013
-2079069.0,23665,31283.836592
-2063229.0,23665,31392.094443
-2046031.8,23665,31499.344024
-2046777.6,23665,31608.671524
-2034013.8,23665,31716.898405
-2068546.4,23665,31824.746837
-2082064.8,23665,31934.190951
-2058005.6,23665,32040.997341
-2058314.0,23665,32148.801112
-2040042.4,23665,32260.627471
-2028146.6,23665,32369.677374
-2062467.0,23665,32477.707932
-2033042.6,23665,32585.128797
-2053181.2,23665,32693.755332
-2028617.4,23665,32805.592302
-2023255.0,23665,32912.604182
-2059107.2,23665,33022.84398
-2054516.4,23665,33129.806245
-2026358.2,23665,33238.261415
-2036406.4,23665,33346.241973
-2018785.2,23665,33454.881294
-2054411.8,23665,33565.64512
-2036580.8,23665,33673.638289
-2019407.8,23665,33782.310406
-2037184.8,23665,33889.771459
-2056975.2,23665,33998.014803
-2033346.4,23665,34105.683628
-2091603.6,23665,34214.614204
-2143125.0,23665,34323.81972
-2070005.8,23665,34431.711891
-2023026.4,23665,34540.341436
-2022451.8,23665,34647.963087
-2048863.2,23665,34756.190063
-2041597.0,23665,34866.298664
-2019298.2,23665,34974.910973
-2025126.4,23665,35082.730324
-2036539.2,23665,35191.688988
-2034016.0,23665,35300.536465
-2025655.0,23665,35408.908748
-2017685.2,23665,35516.171561
-2021895.0,23665,35623.911018
-2040589.6,23665,35733.35686
-2036749.6,23665,35844.286447
-2023807.2,23665,35953.071877
-2030179.4,23665,36063.009719
-2037040.2,23665,36170.250124
-2030120.4,23665,36279.075821
-1938676.6,23665,36387.272032
-1978915.8,23665,36497.190507
-1979692.8,23665,36603.665898
-2000384.2,23665,36714.232286
-2003438.6,23665,36825.021243
-2013087.0,23665,36934.861193
-1995702.8,23665,37044.296552
-1987861.8,23665,37152.703266
-1999337.8,23665,37261.53264
-1988546.2,23665,37371.350549
-1984323.2,23665,37480.361553
-1981185.2,23665,37593.710537
-1984353.0,23665,37703.144293
-1979969.4,23665,37813.366555
-1979921.6,23665,37920.440187
-1997087.0,23665,38033.238449
-1987187.0,23665,38141.785441
-2033405.2,23665,38252.769508
-2037012.8,23665,38363.460159
-2034205.4,23665,38473.097341
-2029068.0,23665,38582.129567
-2028471.4,23665,38690.073559
-2025977.4,23665,38797.088076
-2015671.6,23665,38906.934183
-2011975.8,23665,39015.889953
-2012294.6,23665,39125.336401
-2008714.8,23665,39234.78958
-2019031.0,23665,39345.39789
-2012279.4,23665,39454.433846
-2011570.6,23665,39563.350299
-2008779.2,23665,39670.540557
-1996352.2,23665,39780.301226
-1996215.2,23665,39891.10134
-1993750.8,23665,40003.0376
-1995229.8,23665,40110.213575
-2003297.8,23665,40219.973205
-1989567.8,23665,40327.440071
-1979701.4,23665,40437.014154
-1990808.8,23665,40547.738291
-1993607.6,23665,40656.287027
-1993799.2,23665,40766.094217
-1982341.8,23665,40875.459519
-1987722.8,23665,40985.650348
-1984454.8,23665,41094.210691
-1984811.0,23665,41202.083627
-1986390.4,23665,41311.650415
-1984261.2,23665,41422.011232
-1989463.8,23665,41531.386913
-1970223.0,23665,41644.068392
-1975174.0,23665,41755.069312
-1975950.0,23665,41864.033995
-1981446.2,23665,41975.187497
-1992774.0,23665,42086.493946
-1983100.2,23665,42194.784288
-1977318.2,23665,42302.985976
-1976430.4,23665,42412.224087
-1974462.6,23665,42520.729177
-1971608.6,23665,42629.725758
-1970396.0,23665,42738.549069
-1976416.0,23665,42846.898416
-1981721.2,23665,42955.603143
-1976635.8,23665,43063.169264
-1973054.6,23665,43172.257102
-1973891.6,23665,43282.82352
-1976517.6,23665,43390.499849
-1979388.4,23665,43499.222367
-1980286.4,23665,43608.112641
-1981734.2,23665,43718.971904
-1978874.6,23665,43827.412234
-1978772.6,23665,43936.376533
-1973918.0,23665,44045.539496
-1978067.2,23665,44154.933965
-1977885.6,23665,44262.217234
-1971984.6,23665,44372.42477
-1968217.8,23665,44482.489125
-1968666.4,23665,44592.584441
-1966122.4,23665,44701.500605
-1970981.0,23665,44811.560107
-1971613.0,23665,44920.721047
-1970256.0,23665,45030.753239
-1965272.8,23665,45140.354976
-1969049.4,23665,45249.613369
-1974783.4,23665,45356.502999
-1974719.8,23665,45466.865096
-1965840.0,23665,45576.495586
-1960250.0,23665,45689.288507
-1960490.8,23665,45800.108818
-1955242.8,23665,45909.623457
-1951800.8,23665,46020.475843
-1953369.2,23665,46131.440037
-1952434.2,23665,46240.596196
-1949464.8,23665,46354.008724
-1951570.8,23665,46463.708338
-1952020.8,23665,46572.505327
-1949983.2,23665,46685.167204
-1951423.2,23665,46795.680774
-1948031.2,23665,46905.222215
-1947923.2,23665,47015.716984
-1948127.8,23665,47125.588296
-1946177.4,23665,47235.624768
-1958458.6,23665,47343.805584
-1964186.0,23665,47453.690324
-1966124.8,23665,47562.564029
-1955943.6,23665,47671.508909
-1962926.4,23665,47782.676612
-1966189.4,23665,47892.128896
-1969284.8,23665,48000.690056
-1967555.0,23665,48109.006722
-1966226.2,23665,48217.610322
-1954887.4,23665,48325.321378
-1950428.4,23665,48433.766102
-1950117.0,23665,48541.967462
-1953286.2,23665,48650.195834
-1954908.6,23665,48760.357045
-1954908.6,23665,48871.380821
-1952004.4,23665,48984.018751
-1952293.6,23665,49094.848791
-1954970.0,23665,49205.617677
-1956169.2,23665,49314.361575
-1953608.6,23665,49424.772413
-1952891.6,23665,49532.846669
-1953723.0,23665,49642.442361
-1957471.4,23665,49752.65913
-1951771.8,23665,49861.946975
-1958924.6,23665,49970.633014
-1952105.0,23665,50079.995391
-1956032.2,23665,50188.31869
-1954559.8,23665,50297.113359
-1956858.0,23665,50406.685299
-1955553.6,23665,50515.906392
-1964953.4,23665,50626.512564
-1956398.0,23665,50736.509705
-1962237.4,23665,50844.429513
-1953931.2,23665,50953.048331
-1959634.0,23665,51064.561731
-1960287.4,23665,51173.264654
-1999570.6,23665,51283.549647
-1834616.4,23665,51391.049511
-1875662.0,23665,51501.099177
-1863884.8,23665,51610.353288
-1837314.2,23665,51719.595863
-1826064.6,23665,51829.157811
-1837994.4,23665,51938.528276
-1840157.4,23665,52048.624047
-1838451.6,23665,52158.860313
-1829300.8,23665,52267.367788
-1857315.0,23665,52376.45797
-1850849.0,23665,52486.59972
-1838781.6,23665,52596.097646
-1844944.0,23665,52707.625602
-1827743.6,23665,52818.056433
-1814190.6,23665,52927.979579
-1806501.0,23665,53040.014292
-1799490.2,23665,53152.702471
-1809118.6,23665,53261.833803
-1821472.4,23665,53370.668608
-1810053.2,23665,53479.92472
-1806584.4,23665,53590.976793
-1820080.0,23665,53700.297818
-1813714.8,23665,53811.064669
-1815382.2,23665,53919.636508
-1817316.0,23665,54029.636995
-1820401.2,23665,54139.12142
-1808013.2,23665,54249.373725
-1807871.8,23665,54359.283912
-1818392.6,23665,54469.139576
-1822134.8,23665,54579.897657
-1803314.4,23665,54689.841708
-1803761.6,23665,54799.684078
-1806021.8,23665,54912.258805
-1803392.6,23665,55021.403521
-1803224.4,23665,55130.536444
-1806111.0,23665,55238.611243
-1817465.0,23665,55348.25971
-1817599.0,23665,55456.56287
-1817411.2,23665,55566.125561
-1811238.0,23665,55676.050674
-1807026.8,23665,55783.742322
-1809976.4,23665,55892.804663
-1801386.4,23665,56003.41966
-1802630.4,23665,56111.003236
-1803004.2,23665,56222.616743
-1804315.8,23665,56330.619259
-1805697.4,23665,56440.029095
-1805589.0,23665,56549.633786
-1808386.6,23665,56659.257404
-1807036.4,23665,56767.580508
-1810037.2,23665,56877.39431
-1822362.2,23665,56986.246986
-1821893.4,23665,57097.015621
-1820938.2,23665,57206.389598
-1827371.0,23665,57316.100495
-1823944.6,23665,57425.479461
-1821781.6,23665,57534.114378
-1821781.6,23665,57643.104163
-1823690.2,23665,57752.706302
-1823147.0,23665,57863.132437
-1818647.8,23665,57972.535248
-1819150.8,23665,58082.050647
-1821117.6,23665,58193.393925
-1821117.6,23665,58303.915291
-1821924.4,23665,58415.583127
-1823476.4,23665,58529.643734
-1828409.4,23665,58640.424953
-1828325.0,23665,58749.442378
-1823162.0,23665,58859.952065
-1819711.8,23665,58970.005212
-1823382.4,23665,59079.193167
-1825475.2,23665,59193.363432
-1824872.0,23665,59303.463677
-1839402.0,23665,59412.985716
-1847698.0,23665,59523.05721
-1850683.6,23665,59634.190827
-1850983.8,23665,59744.124698
-1847568.0,23665,59855.536451
-1849759.0,23665,59964.608343
-1852549.0,23665,60074.850928
-1830945.0,23665,60184.741423
-1832426.4,23665,60293.826465
-1747652.8,23665,60403.257677
-1817258.0,23665,60513.15409
-1768824.4,23665,60624.046724
-1754981.6,23665,60733.780183
-1730747.0,23665,60844.21157
-1738849.0,23665,60957.556489
-1733436.2,23665,61068.671211
-1731811.8,23665,61180.427232
-1721193.2,23665,61290.861374
-1723044.0,23665,61403.011347
-1716802.2,23665,61512.540254
-1722262.0,23665,61622.550491
-1712351.4,23665,61730.599338
-1722416.8,23665,61843.091063
-1723946.0,23665,61952.734892
-1722497.6,23665,62063.041828
-1744920.8,23665,62173.184295
-1733613.0,23665,62282.107523
-1734280.6,23665,62392.419782
-1738723.6,23665,62501.380614
-1755187.2,23665,62611.888036
-1766475.0,23665,62723.84378
-1773566.8,23665,62836.164858
-1777821.4,23665,62946.724367
-1775304.2,23665,63056.095083
-1768630.0,23665,63161.04428
-1769722.2,23665,63274.154062
-1767258.0,23665,63388.617299
-1766314.8,23665,63502.536981
-1764592.8,23665,63613.417407
-1769103.2,23665,63723.916265
-1757289.2,23665,63835.310524
-1756405.2,23665,63944.919915
-1762569.2,23665,64054.1822
-1757537.6,23665,64165.99846
-1762274.0,23665,64274.699679
-1763796.0,23665,64382.508462
-1752562.8,23665,64491.345583
-1762030.0,23665,64598.867211
-1761363.6,23665,64708.460837
-1761203.6,23665,64819.148604
-1764141.6,23665,64927.744168
-1764141.6,23665,65036.982832
-1765979.6,23665,65146.769746
-1766893.6,23665,65257.358464
-1765845.2,23665,65369.147649
-1766302.4,23665,65480.059225
-1765191.2,23665,65594.070925
-1770612.4,23665,65705.081271
-1777504.4,23665,65816.906406
-1776660.4,23665,65928.164227
-1774582.8,23665,66036.326343
-1779699.2,23665,66148.237825
-1780020.4,23665,66259.570959
-1778299.8,23665,66369.753352
-1777085.6,23665,66479.42973
-1772401.6,23665,66592.284992
-1770772.2,23665,66702.28282
-1769671.4,23665,66813.522258
-1777147.2,23665,66925.72754
-1775674.8,23665,67037.431012
-1770796.8,23665,67148.482204
-1771968.8,23665,67258.954865
-1777632.8,23665,67367.598912
-1777632.8,23665,67477.882863
-1775628.8,23665,67590.770361
-1775420.8,23665,67700.334435
-1775420.8,23665,67810.094082
-1776230.8,23665,67920.264326
-1780293.2,23665,68031.328144
-1780293.2,23665,68143.790499
-1781791.0,23665,68254.345199
-1785675.0,23665,68367.05603
-1786775.0,23665,68476.699206
-1787591.0,23665,68586.948182
-1789717.0,23665,68698.010323
-1789480.0,23665,68808.439225
-1788030.0,23665,68920.109785
-1787834.0,23665,69029.680744
-1786737.4,23665,69139.93978
-1787967.4,23665,69250.232919
-1780368.8,23665,69359.510961
-1777374.8,23665,69469.3922
-1777183.4,23665,69580.272063
-1776640.4,23665,69690.291541
-1783470.2,23665,69800.79604
-1780400.2,23665,69911.647112
-1777818.2,23665,70021.675994
-1777470.6,23665,70134.958347
-1774503.6,23665,70245.370118
-1775641.2,23665,70354.303012
-1775072.4,23665,70466.866614
-1774944.4,23665,70578.097571
-1773967.0,23665,70690.792191
-1772666.2,23665,70801.616575
-1773964.2,23665,70911.179288
-1769624.2,23665,71020.630851
-1769856.2,23665,71129.696486
-1750002.4,23665,71241.643895
-1791283.6,23665,71351.770575
-1771643.8,23665,71461.184341
-1778567.6,23665,71571.412857
-1777789.2,23665,71681.641777
-1814307.2,23665,71791.691935
-1776056.2,23665,71902.914479
-1754650.6,23665,72015.834202
-1755372.8,23665,72125.061656
-1750704.0,23665,72235.596807
-1755324.0,23665,72346.483506
-1754313.8,23665,72459.569666
-1755730.6,23665,72569.542463
-1749954.4,23665,72682.515191
-1752232.0,23665,72793.90103
-1750027.2,23665,72904.814584
-1747944.2,23665,73015.086165
-1752397.2,23665,73125.797045
-1755319.2,23665,73237.942878
-1751819.4,23665,73349.008719
-1747374.0,23665,73459.700595
-1746519.4,23665,73571.562833
-1741344.2,23665,73680.64232
-1745753.8,23665,73793.429451
-1751432.8,23665,73904.211177
-1755955.8,23665,74014.729561
-1760794.8,23665,74125.999391
-1754139.8,23665,74235.592571
-1758134.6,23665,74345.840792
-1762999.0,23665,74456.695473
-1788246.8,23665,74564.791902
-1793285.0,23665,74671.246475
-1782305.2,23665,74783.488579
-1789031.4,23665,74892.712257
-1783842.4,23665,75004.537962
-1777391.2,23665,75114.364956
-1779194.4,23665,75223.907025
-1775277.0,23665,75333.811165
-1793227.2,23665,75445.190429
-1788425.2,23665,75556.614814
-1769717.0,23665,75669.977174
-1771227.2,23665,75781.82447
-1793660.2,23665,75892.016514
-1778383.2,23665,76000.630926
-1797291.0,23665,76112.079026
-1776453.6,23665,76223.521577
-1788865.0,23665,76334.148486
-1776496.4,23665,76444.557662
-1792889.0,23665,76555.346351
-1772796.0,23665,76668.819472
-1793450.6,23665,76779.275953
-1776524.0,23665,76890.29214
-1784258.6,23665,77000.427152
-1781838.6,23665,77112.825033
-1788896.6,23665,77225.233236
-1774541.6,23665,77337.321621
-1789368.6,23665,77447.359513
-1775570.2,23665,77555.766646
-1780772.0,23665,77669.394995
-1784863.2,23665,77779.5574
-1784180.8,23665,77889.877243
-1782724.0,23665,77999.039048
-1780833.4,23665,78108.571618
-1788625.0,23665,78219.413766
-1781737.6,23665,78329.355003
-1788909.4,23665,78440.104302
-1776510.8,23665,78549.182825
-1789579.6,23665,78658.113009
-1776342.6,23665,78766.55265
-1789221.2,23665,78874.823602
-1789653.8,23665,78985.474992
-1785820.2,23665,79094.050626
-1791564.4,23665,79204.6381
-1786737.4,23665,79315.463696
-1792702.2,23665,79426.434734
-1759548.0,23665,79537.429309
-1791607.0,23665,79646.693961
-1783513.4,23665,79756.815321
-1796568.0,23665,79866.563877
-1790547.8,23665,79977.213522
-1786226.0,23665,80088.68502
-1795819.8,23665,80199.560559
-1783633.8,23665,80311.671654
-1785482.6,23665,80423.633628
-1777429.6,23665,80535.833372
-1784913.8,23665,80645.987188
-1788252.2,23665,80759.948272
-1784221.2,23665,80869.405166
-1796820.6,23665,80982.349202
-1791074.2,23665,81093.227273
-1795058.6,23665,81205.20767
-1802619.4,23665,81317.723868
-1825175.8,23665,81429.171705
-1738601.8,23665,81541.578199
-1757634.6,23665,81652.239769
-1721055.4,23665,81763.533717
-1765630.8,23665,81874.152025
-1767253.0,23665,81986.066064
-1762016.8,23665,82096.632823
-1751848.6,23665,82208.648041
-1767929.0,23665,82319.277263
-1753603.0,23665,82428.711325
-1760028.8,23665,82539.518044
-1750131.4,23665,82651.441426
-1758442.6,23665,82761.486237
-1741488.0,23665,82872.185959
-1735319.6,23665,82983.176339
-1748287.4,23665,83092.19295
-1767486.4,23665,83202.358495
-1786331.0,23665,83312.901365
-1707184.0,23665,83423.300267
-1734292.2,23665,83532.171731
-1737061.8,23665,83643.787487
-1742453.2,23665,83753.158141
-1746954.4,23665,83862.432707
-1746848.6,23665,83973.861831
-1759351.4,23665,84084.506234
-1776119.0,23665,84194.992087
-1783438.6,23665,84306.749543
-1749322.0,23665,84417.677397
-1761007.4,23665,84529.269664
-1771398.0,23665,84638.697266
-1779431.6,23665,84749.911531
-1775867.8,23665,84860.996159
-1785567.8,23665,84972.29646
-1734970.8,23665,85083.554805
-1732486.4,23665,85193.14808
-1739631.4,23665,85305.825185
-1756642.0,23665,85415.101174
-1757641.6,23665,85527.45555
-1759616.6,23665,85639.661977
-1763308.6,23665,85751.200162
-1757806.2,23665,85862.35626
-1763321.8,23665,85972.349184
-1766526.6,23665,86082.80228
-1762429.2,23665,86195.853776
-1763421.0,23665,86308.731716
-1755984.6,23665,86419.674402
-1740355.2,23665,86532.48299
-1737978.0,23665,86645.60385
-1733603.4,23665,86755.688429
-1733408.2,23665,86865.975859
-1729688.6,23665,86977.513747
-1727853.0,23665,87088.875924
-1721882.2,23665,87199.492367
-1722667.0,23665,87308.781142
-1735182.4,23665,87419.154044
-1719693.2,23665,87529.379379
-1712581.0,23665,87641.524205
-1717633.2,23665,87751.356519
-1731137.0,23665,87862.553821
-1714980.0,23665,87973.611332
-1719182.2,23665,88083.929093
-1704061.6,23665,88194.551822
-1730638.6,23665,88305.201699
-1705005.6,23665,88415.973473
-1697929.4,23665,88528.311838
-1699415.0,23665,88639.901728
-1701784.4,23665,88751.187607
-1707047.6,23665,88861.263508
-1749784.0,23665,88972.208765
-1724107.0,23665,89083.004769
-1704399.0,23665,89196.268202
-1730692.6,23665,89306.798493
-1717259.2,23665,89417.619242
-1701264.8,23665,89528.131106
-1719148.0,23665,89637.535062
-1715991.8,23665,89746.444183
-1718449.0,23665,89856.649785
-1708393.2,23665,89966.161326
-1718712.8,23665,90076.134643
-1713585.6,23665,90186.397609
-1724244.2,23665,90296.459297
-1713023.4,23665,90408.27769
-1710422.0,23665,90519.115029
-1704942.0,23665,90630.470628
-1724462.8,23665,90741.560849
-1709504.0,23665,90850.860766
-1700358.2,23665,90962.913161
-1706722.0,23665,91073.593354
-1710974.2,23665,91183.320731
-1740059.2,23665,91296.000739
-1728309.2,23665,91408.023346
-1709920.6,23665,91519.058298
-1710250.4,23665,91630.640842
-1733361.0,23665,91739.793323
-1738165.4,23665,91849.590491
-1710941.8,23665,91959.480352
-1708376.8,23665,92072.241871
-1737830.0,23665,92184.163195
-1715209.6,23665,92295.696316
-1736002.8,23665,92406.255767
-1734198.8,23665,92517.784553
-1725870.8,23665,92628.843228
-1717864.2,23665,92739.841562
-1741168.8,23665,92850.227294
-1716066.8,23665,92962.224322
-1711311.4,23665,93072.725459
-1715984.8,23665,93183.510313
-1728969.6,23665,93293.402612
-1709339.6,23665,93403.657453
-1722407.4,23665,93515.847121
-1719106.0,23665,93629.113686
-1724417.4,23665,93739.33087
-1730275.2,23665,93850.713978
-1733527.6,23665,93962.194118
-1737301.6,23665,94073.585779
-1749262.0,23665,94182.852105
-1742798.8,23665,94292.40541
-1738993.2,23665,94404.155224
-1736573.8,23665,94517.01556
-1727641.6,23665,94626.311445
-1730049.4,23665,94737.088549
-1723861.4,23665,94847.860904
-1719773.8,23665,94960.940792
-1731384.0,23665,95074.940048
-1720613.0,23665,95187.906126
-1745174.0,23665,95299.184726
-1720726.6,23665,95409.60091
-1722091.6,23665,95521.213157
-1719162.2,23665,95632.410733
-1715160.4,23665,95742.970219
-1729670.4,23665,95857.738251
-1736592.2,23665,95971.290759
-1742641.6,23665,96084.010626
-1738452.0,23665,96193.754286
-1727870.2,23665,96305.170372
-1724686.0,23665,96416.067547
-1726893.0,23665,96528.173294
-1718504.2,23665,96640.713995
-1714707.0,23665,96755.720193
-1732437.4,23665,96867.277843
-1717375.6,23665,96979.037224
-1712835.2,23665,97089.012382
-1723054.0,23665,97201.571929
-1728374.4,23665,97312.463053
-1747733.2,23665,97423.456897
-1740535.0,23665,97534.053977
-1732201.2,23665,97646.190566
-1722085.0,23665,97757.831627
-1717001.2,23665,97868.8254
-1732780.0,23665,97980.780894
-1726731.8,23665,98093.150672
-1730098.6,23665,98206.160469
-1717929.4,23665,98320.240924
-1715645.2,23665,98432.599934
-1722110.2,23665,98546.216534
-1735970.8,23665,98659.562188
-1716642.6,23665,98771.151797
-1720096.2,23665,98883.448821
-1719987.6,23665,98994.076
-1727779.0,23665,99106.037257
-1718632.2,23665,99218.672196
-1728634.6,23665,99332.96262
-1721472.6,23665,99446.097719
-1731687.4,23665,99557.297917
-1748649.0,23665,99668.099821
-1750512.6,23665,99779.592344
-1749912.6,23665,99891.699274
-1754621.2,23665,100006.049961
-1756224.2,23665,100118.753392
-1792224.4,23665,100231.511431
-1867580.6,23665,100344.399351
-1834649.6,23665,100458.103754
-1859043.2,23665,100568.127018
-1830147.0,23665,100680.546226
-1835178.6,23665,100790.588018
-1841388.0,23665,100901.104659
-1864760.0,23665,101013.10694
-1933843.8,23665,101125.211982
-3632269.6,23665,101235.823857
-1837405.8,23665,101346.929487
-1839668.2,23665,101459.19037
-1830050.4,23665,101572.099595
-1823969.8,23665,101687.499291
-1818345.0,23665,101798.519264
-1812203.4,23665,101911.75172
-1805952.4,23665,102023.508938
-1807546.2,23665,102136.218153
-1815566.4,23665,102247.606077
-1802828.2,23665,102361.607247
-1808837.6,23665,102480.006726
-1809903.6,23665,102592.579976
-1808508.6,23665,102705.432654
-1813430.4,23665,102818.571245
-1813298.2,23665,102932.846876
-1814537.4,23665,103045.243083
-1812131.4,23665,103156.025854
-1811181.2,23665,103267.015721
-1812160.6,23665,103379.793976
-1813132.8,23665,103491.030706
-1817516.4,23665,103603.207869
-1817084.4,23665,103714.409179
-1820230.4,23665,103827.166912
-1824488.0,23665,103939.535872
-1824096.0,23665,104051.213733
-1821369.0,23665,104162.035777
-1829361.8,23665,104272.703313
-1824944.0,23665,104384.808352
-1817188.2,23665,104496.214114
