#{"t_start": 1674844179.8163931, "env_id": null}
r,l,t
-736205.41824,23665,58.53784
-736205.41824,23665,108.295919
-4229.36654,23665,154.935606
-4229.36654,23665,203.69939
-4229.36654,23665,253.697977
-100262.79272,23665,307.406054
-100262.79272,23665,356.014714
-273970.87054,23665,405.751899
-273970.87054,23665,453.817012
-273970.87054,23665,504.884938
-117635.39058,23665,553.878283
-117635.39058,23665,603.761666
-110828.37442,23665,652.58105
-110828.37442,23665,704.877109
-110828.37442,23665,752.712171
-364715.0486,23665,801.627112
-364715.0486,23665,849.689306
-565853.95462,23665,900.795572
-565853.95462,23665,949.974812
-565853.95462,23665,1000.466485
-530467.66154,23665,1050.438638
-530467.66154,23665,1099.3936
-530467.66154,23665,1149.829484
-545168.6273,23665,1200.271939
-545168.6273,23665,1250.321494
-439534.51416,23665,1298.356907
-439534.51416,23665,1345.518036
-439534.51416,23665,1391.067151
-425644.71556,23665,1435.493523
-425644.71556,23665,1482.056309
-345095.02006,23665,1530.098306
-345095.02006,23665,1580.139248
-345095.02006,23665,1627.8945
-276074.215,23665,1679.882295
-276074.215,23665,1725.357283
-289161.37652,23665,1772.43468
-289161.37652,23665,1818.276414
-289161.37652,23665,1864.799187
-311942.99042,23665,1912.04925
-311942.99042,23665,1957.822539
-323536.26502,23665,2008.057834
-323536.26502,23665,2056.47365
-323536.26502,23665,2107.760325
-282552.99084,23665,2158.642328
-282552.99084,23665,2205.030916
-282552.99084,23665,2251.1687
-251445.24852,23665,2296.4444
-251445.24852,23665,2344.190715
-252549.92986,23665,2396.180534
-252549.92986,23665,2444.572422
-252549.92986,23665,2490.894727
-299912.07452,23665,2540.548827
-299912.07452,23665,2586.869812
-171871.67152,23665,2634.735164
-171871.67152,23665,2681.40768
-171871.67152,23665,2729.404712
-205744.5462,23665,2778.39804
-205744.5462,23665,2825.500108
-243986.45032,23665,2872.078751
-243986.45032,23665,2919.366912
-243986.45032,23665,2968.862064
-245162.9155,23665,3019.516701
-245162.9155,23665,3065.968528
-245162.9155,23665,3112.2121
-194095.26462,23665,3157.197089
-194095.26462,23665,3202.955103
-252498.7613,23665,3257.524341
-252498.7613,23665,3308.967048
-252498.7613,23665,3354.729284
-255365.48446,23665,3400.638178
-255365.48446,23665,3445.423684
-237761.15118,23665,3495.838415
-237761.15118,23665,3542.04538
-237761.15118,23665,3586.722378
-173899.56016,23665,3633.163863
-173899.56016,23665,3680.698106
-291557.52872,23665,3727.938438
-291557.52872,23665,3775.13685
-291557.52872,23665,3819.023804
-324828.03264,23665,3870.24481
-324828.03264,23665,3916.016477
-254352.55026,23665,3964.837426
-254352.55026,23665,4011.483831
-254352.55026,23665,4059.939239
-264444.13324,23665,4104.950786
-264444.13324,23665,4149.583259
-264444.13324,23665,4193.996177
-400383.16804,23665,4240.243163
-400383.16804,23665,4285.444161
-499294.42612,23665,4332.627961
-499294.42612,23665,4380.615087
-499294.42612,23665,4428.737539
-364188.08204,23665,4477.349973
-364188.08204,23665,4524.980119
-352383.16384,23665,4576.977989
-352383.16384,23665,4628.172875
-352383.16384,23665,4678.175045
-324560.40686,23665,4725.10967
-324560.40686,23665,4772.514397
-272652.486,23665,4819.677935
-272652.486,23665,4865.908644
-272652.486,23665,4911.343122
-203812.65296,23665,4958.151275
-203812.65296,23665,5006.84924
-177839.93034,23665,5057.85134
-177839.93034,23665,5105.825773
-177839.93034,23665,5151.26552
-150866.68462,23665,5203.436886
-150866.68462,23665,5254.414325
-150866.68462,23665,5306.103751
-226627.87972,23665,5355.67497
-226627.87972,23665,5407.944634
-98005.94854,23665,5455.266633
-98005.94854,23665,5500.511894
-98005.94854,23665,5547.2471
-144923.9262,23665,5593.441188
-144923.9262,23665,5642.10312
-66863.111,23665,5689.471751
-66863.111,23665,5737.201842
-66863.111,23665,5783.92892
-72339.27256,23665,5830.002914
-72339.27256,23665,5879.627419
-55007.65516,23665,5925.919466
-55007.65516,23665,5973.761942
-55007.65516,23665,6024.160251
-42701.19782,23665,6071.386623
-42701.19782,23665,6117.373589
-42701.19782,23665,6163.29377
-40074.84814,23665,6208.571793
-40074.84814,23665,6255.49814
-35211.28852,23665,6304.14963
-35211.28852,23665,6352.118695
-35211.28852,23665,6397.852689
-30873.30874,23665,6444.693122
-30873.30874,23665,6492.13536
-32615.09284,23665,6541.829521
-32615.09284,23665,6586.710393
-32615.09284,23665,6635.350745
-27156.79828,23665,6682.911846
-27156.79828,23665,6728.773003
-16083.81952,23665,6774.690891
-16083.81952,23665,6819.488017
-16083.81952,23665,6868.204238
-59458.09892,23665,6915.178966
-59458.09892,23665,6963.140328
-66222.17676,23665,7011.802258
-66222.17676,23665,7056.929348
-66222.17676,23665,7103.586573
-40193.97396,23665,7150.315551
-40193.97396,23665,7196.074575
-40193.97396,23665,7241.343795
-25357.9675,23665,7289.218066
-25357.9675,23665,7335.73219
-36650.33778,23665,7385.631931
-36650.33778,23665,7433.077578
-36650.33778,23665,7481.358406
-33157.32126,23665,7530.113095
-33157.32126,23665,7580.091019
-49134.98698,23665,7624.950091
-49134.98698,23665,7669.808478
-49134.98698,23665,7716.89642
-89744.75898,23665,7763.473625
-89744.75898,23665,7811.406172
-40220.41406,23665,7858.87004
-40220.41406,23665,7905.594244
-40220.41406,23665,7952.592447
-48648.40794,23665,7999.515891
-48648.40794,23665,8050.279868
-82593.14584,23665,8097.659203
-82593.14584,23665,8145.425968
-82593.14584,23665,8191.320179
-52320.35242,23665,8237.19282
-52320.35242,23665,8281.557731
-52320.35242,23665,8327.274445
-43374.96368,23665,8371.008428
-43374.96368,23665,8414.839468
-49398.39672,23665,8460.544241
-49398.39672,23665,8508.247907
-49398.39672,23665,8554.089519
-30782.3299,23665,8600.259616
-30782.3299,23665,8645.725262
-35930.96622,23665,8692.125992
-35930.96622,23665,8739.234136
-35930.96622,23665,8784.231981
-60742.37332,23665,8829.37447
-60742.37332,23665,8876.171493
-52044.63248,23665,8921.192188
-52044.63248,23665,8967.602136
-52044.63248,23665,9013.103736
-49266.0433,23665,9059.201713
-49266.0433,23665,9104.753756
-49266.0433,23665,9150.14046
-22114.01478,23665,9194.946873
-22114.01478,23665,9240.310029
-17880.42896,23665,9285.072854
-17880.42896,23665,9329.534517
-17880.42896,23665,9376.69034
-29383.30944,23665,9422.427084
-29383.30944,23665,9466.113922
-22102.10262,23665,9511.889457
-22102.10262,23665,9557.214213
-22102.10262,23665,9603.851834
-34712.3767,23665,9650.874687
-34712.3767,23665,9697.296648
-34881.18722,23665,9746.255641
-34881.18722,23665,9791.909729
-34881.18722,23665,9837.125726
-53929.97562,23665,9882.16325
-53929.97562,23665,9928.025589
-26230.26168,23665,9975.230875
-26230.26168,23665,10020.294551
-26230.26168,23665,10066.106678
-34892.47136,23665,10112.349824
-34892.47136,23665,10158.103602
-34892.47136,23665,10203.767779
-27170.27158,23665,10252.947817
-27170.27158,23665,10298.109792
-14294.38202,23665,10345.309183
-14294.38202,23665,10394.246472
-14294.38202,23665,10440.959522
-20815.05296,23665,10486.782085
-20815.05296,23665,10532.468428
-24646.31352,23665,10577.678371
-24646.31352,23665,10622.411448
-24646.31352,23665,10665.737007
-42477.03586,23665,10709.791315
-42477.03586,23665,10755.164578
-54494.28766,23665,10801.425
-54494.28766,23665,10846.579698
-54494.28766,23665,10897.314748
-29672.44082,23665,10942.356615
-29672.44082,23665,10992.473722
-22444.74294,23665,11037.039656
-22444.74294,23665,11082.450787
-22444.74294,23665,11127.053019
-24722.43454,23665,11173.709282
-24722.43454,23665,11219.236312
-24722.43454,23665,11264.128797
-45400.05598,23665,11309.185169
-45400.05598,23665,11361.250531
-46322.71594,23665,11405.814564
-46322.71594,23665,11454.127019
-46322.71594,23665,11501.263963
-29618.97664,23665,11548.586977
-29618.97664,23665,11592.311012
-12980.42212,23665,11637.546444
-12980.42212,23665,11680.751829
-12980.42212,23665,11728.174085
-36344.50982,23665,11772.512756
-36344.50982,23665,11819.252053
-28216.87554,23665,11863.829455
-28216.87554,23665,11909.002306
-28216.87554,23665,11956.202521
-34800.20168,23665,12001.769708
-34800.20168,23665,12045.297798
-34800.20168,23665,12092.254619
-33272.07526,23665,12137.171687
-33272.07526,23665,12181.372556
-53088.11006,23665,12228.284412
-53088.11006,23665,12272.095796
-53088.11006,23665,12317.583792
-76446.91842,23665,12363.156203
-76446.91842,23665,12407.89013
-85708.71466,23665,12456.150311
-85708.71466,23665,12504.087495
-85708.71466,23665,12551.987411
-48318.50478,23665,12597.846039
-48318.50478,23665,12642.338563
-46230.12112,23665,12687.152502
-46230.12112,23665,12733.946242
-46230.12112,23665,12780.457148
-30389.92126,23665,12828.020972
-30389.92126,23665,12872.60042
-27024.4327,23665,12920.382819
-27024.4327,23665,12968.110462
-27024.4327,23665,13017.193727
-23467.26114,23665,13065.16169
-23467.26114,23665,13112.000854
-23467.26114,23665,13159.591075
-17288.53284,23665,13207.190745
-17288.53284,23665,13254.221759
-31713.83228,23665,13301.44768
-31713.83228,23665,13346.766711
-31713.83228,23665,13392.625827
-107167.37428,23665,13437.876199
-107167.37428,23665,13484.513378
-138685.70772,23665,13532.372585
-138685.70772,23665,13580.101601
-138685.70772,23665,13625.953827
-143344.07066,23665,13675.730475
-143344.07066,23665,13719.655262
-48169.98862,23665,13764.633873
-48169.98862,23665,13809.299343
-48169.98862,23665,13853.783909
-48296.30522,23665,13899.72805
-48296.30522,23665,13944.80234
-87936.81048,23665,13989.596853
-87936.81048,23665,14033.696619
-87936.81048,23665,14077.391977
-99228.76924,23665,14123.568382
-99228.76924,23665,14168.534695
-99228.76924,23665,14214.585293
-77538.72606,23665,14259.734976
-77538.72606,23665,14308.039463
-46909.562,23665,14353.486345
-46909.562,23665,14398.895043
-46909.562,23665,14444.649161
-32207.42322,23665,14493.677586
-32207.42322,23665,14541.79261
-36801.46544,23665,14588.400947
-36801.46544,23665,14634.536242
-36801.46544,23665,14679.910407
-21311.3353,23665,14726.284845
-21311.3353,23665,14772.949479
-14817.39954,23665,14819.034747
-14817.39954,23665,14865.638988
-14817.39954,23665,14911.071635
-44517.96902,23665,14962.376586
-44517.96902,23665,15007.985419
-44517.96902,23665,15054.121601
-24277.58782,23665,15102.975953
-24277.58782,23665,15147.368856
-24798.7943,23665,15191.00348
-24798.7943,23665,15236.667332
-24798.7943,23665,15281.196712
-15149.60114,23665,15326.76102
-15149.60114,23665,15373.490329
-11140.56364,23665,15422.17948
-11140.56364,23665,15469.547778
-11140.56364,23665,15515.100247
-8656.51828,23665,15560.802838
-8656.51828,23665,15608.57317
-16934.82134,23665,15655.998112
-16934.82134,23665,15705.810747
-16934.82134,23665,15752.106929
-26818.95066,23665,15797.668591
-26818.95066,23665,15844.371972
-20863.99156,23665,15890.545931
-20863.99156,23665,15938.521268
-20863.99156,23665,15986.568716
-36250.58712,23665,16032.786431
-36250.58712,23665,16081.231686
-36250.58712,23665,16131.202786
-90773.73174,23665,16178.939344
-90773.73174,23665,16224.271142
-17345.50048,23665,16270.002761
-17345.50048,23665,16314.666257
-17345.50048,23665,16358.357914
-22617.4392,23665,16401.948733
-22617.4392,23665,16446.054358
-22755.23166,23665,16489.786302
-22755.23166,23665,16533.537621
-22755.23166,23665,16576.15123
-38553.35966,23665,16619.67788
-38553.35966,23665,16662.432837
-52730.97786,23665,16705.802601
-52730.97786,23665,16748.527042
-52730.97786,23665,16791.31172
-12598.20306,23665,16834.294373
-12598.20306,23665,16878.088265
-6994.63822,23665,16920.794062
-6994.63822,23665,16963.281211
-6994.63822,23665,17005.660097
-14397.33266,23665,17048.857187
-14397.33266,23665,17091.214099
-14397.33266,23665,17134.184811
-19349.4697,23665,17176.714068
-19349.4697,23665,17219.410141
-24991.03082,23665,17261.997854
-24991.03082,23665,17305.179351
-24991.03082,23665,17347.446371
-23000.603,23665,17390.30756
-23000.603,23665,17432.644907
-30209.65238,23665,17476.142316
-30209.65238,23665,17518.787255
-30209.65238,23665,17561.88559
-26582.666,23665,17604.483213
-26582.666,23665,17647.827577
-38542.73602,23665,17690.482168
-38542.73602,23665,17733.320756
-38542.73602,23665,17776.478339
-20517.26578,23665,17819.947016
-20517.26578,23665,17862.238998
-20517.26578,23665,17905.212214
-10910.09138,23665,17948.772204
-10910.09138,23665,17991.601929
-20121.89432,23665,18034.087442
-20121.89432,23665,18077.329598
-20121.89432,23665,18119.827585
-7453.49502,23665,18162.820649
-7453.49502,23665,18205.109055
-6533.63406,23665,18248.25501
-6533.63406,23665,18290.268785
-6533.63406,23665,18333.580263
-11787.96436,23665,18376.30015
-11787.96436,23665,18419.113111
-7565.7752,23665,18461.514879
-7565.7752,23665,18504.549823
-7565.7752,23665,18547.248517
-10118.7799,23665,18589.829879
-10118.7799,23665,18631.974936
-14722.15678,23665,18674.996202
-14722.15678,23665,18717.481319
-14722.15678,23665,18760.061441
-15967.66362,23665,18802.376329
-15967.66362,23665,18845.200264
-15967.66362,23665,18887.439493
-15036.00586,23665,18930.13662
-15036.00586,23665,18972.631079
-8539.06292,23665,19015.716823
-8539.06292,23665,19057.77055
-8539.06292,23665,19100.96073
-17602.45644,23665,19143.587659
-17602.45644,23665,19186.010661
-18885.78736,23665,19228.42158
-18885.78736,23665,19271.841071
-18885.78736,23665,19314.642223
-17953.25308,23665,19357.473225
-17953.25308,23665,19399.722152
-15449.70212,23665,19442.943069
-15449.70212,23665,19485.858592
-15449.70212,23665,19528.608753
-14314.97328,23665,19571.061351
-14314.97328,23665,19613.557652
-17304.99744,23665,19656.061778
-17304.99744,23665,19698.800292
-17304.99744,23665,19741.11919
-25621.15828,23665,19783.996853
-25621.15828,23665,19825.986704
-25621.15828,23665,19869.058636
-25583.57358,23665,19911.62468
-25583.57358,23665,19955.078318
-22417.1614,23665,19997.488199
-22417.1614,23665,20040.428801
-22417.1614,23665,20082.516917
-23983.80834,23665,20125.780787
-23983.80834,23665,20168.033319
-19626.4058,23665,20211.32943
-19626.4058,23665,20253.555038
-19626.4058,23665,20296.44652
-16070.65846,23665,20338.878759
-16070.65846,23665,20381.468609
-15664.61344,23665,20424.258981
-15664.61344,23665,20467.323008
-15664.61344,23665,20509.638966
-15801.791,23665,20552.4059
-15801.791,23665,20594.590371
-15801.791,23665,20637.208501
-23488.71756,23665,20679.470118
-23488.71756,23665,20721.966425
-34338.15398,23665,20764.380557
-34338.15398,23665,20806.898826
-34338.15398,23665,20849.130766
-26172.17162,23665,20892.496768
-26172.17162,23665,20934.829866
-20708.16378,23665,20977.746136
-20708.16378,23665,21019.968156
-20708.16378,23665,21062.410344
-31562.02316,23665,21104.862235
-31562.02316,23665,21147.503754
-36016.16838,23665,21190.015974
-36016.16838,23665,21232.920483
-36016.16838,23665,21275.277109
-20683.15814,23665,21318.077381
-20683.15814,23665,21360.84721
-18403.63286,23665,21403.37478
-18403.63286,23665,21445.44195
-18403.63286,23665,21487.993022
-24183.276,23665,21530.283126
-24183.276,23665,21572.808508
-24183.276,23665,21614.957539
-25618.83116,23665,21658.170427
-25618.83116,23665,21700.628972
-17980.53622,23665,21743.900424
-17980.53622,23665,21786.232431
-17980.53622,23665,21829.135457
-15456.31466,23665,21871.457861
-15456.31466,23665,21914.186433
-17546.96394,23665,21956.752267
-17546.96394,23665,22000.378453
-17546.96394,23665,22042.471408
-16372.84054,23665,22085.520431
-16372.84054,23665,22127.473844
-12962.90398,23665,22170.160056
-12962.90398,23665,22215.833503
-12962.90398,23665,22264.359539
-13852.6592,23665,22309.882296
-13852.6592,23665,22355.546128
-9748.6954,23665,22401.19917
-9748.6954,23665,22450.404974
-9748.6954,23665,22494.308637
-11938.00278,23665,22540.927625
-11938.00278,23665,22586.953284
-11938.00278,23665,22635.596498
-11341.75748,23665,22683.767858
-11341.75748,23665,22728.216106
-12887.49538,23665,22772.706904
-12887.49538,23665,22819.26191
-12887.49538,23665,22863.703472
-12688.82414,23665,22908.500056
-12688.82414,23665,22952.450922
-15459.72298,23665,23000.095392
-15459.72298,23665,23045.399336
-15459.72298,23665,23091.47293
-11210.02324,23665,23140.879975
-11210.02324,23665,23187.472328
-11053.16,23665,23231.83383
-11053.16,23665,23277.44834
-11053.16,23665,23320.990752
-15370.44344,23665,23365.939491
-15370.44344,23665,23412.550687
-15370.44344,23665,23460.026167
-11699.26914,23665,23503.467599
-11699.26914,23665,23552.376468
-12090.27732,23665,23597.862196
-12090.27732,23665,23643.846428
-12090.27732,23665,23688.044734
-13344.94784,23665,23731.502878
-13344.94784,23665,23775.089141
-18228.80894,23665,23819.477596
-18228.80894,23665,23862.086053
-18228.80894,23665,23905.590751
-18626.37034,23665,23948.671846
-18626.37034,23665,23993.05168
-20439.70732,23665,24038.53285
-20439.70732,23665,24088.156065
-20439.70732,23665,24134.34501
-8825.24128,23665,24181.692325
-8825.24128,23665,24224.563771
-7467.41696,23665,24268.994893
-7467.41696,23665,24313.197797
-7467.41696,23665,24357.303591
-4256.07124,23665,24400.515963
-4256.07124,23665,24443.995421
-4256.07124,23665,24490.631457
-13726.30636,23665,24538.222419
-13726.30636,23665,24584.688106
-5590.66956,23665,24633.833773
-5590.66956,23665,24681.26532
-5590.66956,23665,24730.885072
-8795.30328,23665,24776.102326
-8795.30328,23665,24824.222927
-7462.4895,23665,24871.049221
-7462.4895,23665,24915.579192
-7462.4895,23665,24959.93617
-13311.27534,23665,25005.671072
-13311.27534,23665,25048.64592
-22086.23328,23665,25092.356921
-22086.23328,23665,25137.498971
-22086.23328,23665,25185.716096
-38094.30734,23665,25231.077966
-38094.30734,23665,25278.079914
-10228.00224,23665,25324.567159
-10228.00224,23665,25369.504325
-10228.00224,23665,25412.159837
-26973.01122,23665,25455.728945
-26973.01122,23665,25498.341745
-26973.01122,23665,25542.906314
-12110.65678,23665,25586.906733
-12110.65678,23665,25631.508634
-12336.09922,23665,25674.917674
-12336.09922,23665,25721.494138
-12336.09922,23665,25767.314654
-19193.45882,23665,25810.809505
-19193.45882,23665,25858.158428
-7941.71366,23665,25904.960028
-7941.71366,23665,25948.905054
-7941.71366,23665,25992.732292
-13259.69906,23665,26037.278321
-13259.69906,23665,26081.602379
-10279.33214,23665,26124.940282
-10279.33214,23665,26168.29412
-10279.33214,23665,26210.363542
-10562.62532,23665,26253.9275
-10562.62532,23665,26297.824885
-10562.62532,23665,26343.092741
-7634.83596,23665,26391.37318
-7634.83596,23665,26435.329989
-8444.55204,23665,26481.113682
-8444.55204,23665,26525.551018
-8444.55204,23665,26569.302335
-12050.36058,23665,26614.096806
-12050.36058,23665,26657.712844
-7986.48322,23665,26703.535887
-7986.48322,23665,26747.244367
-7986.48322,23665,26792.454409
-10162.1326,23665,26837.16185
-10162.1326,23665,26883.602469
-11450.09868,23665,26928.866532
-11450.09868,23665,26972.297658
-11450.09868,23665,27015.239822
-8067.44474,23665,27059.439671
-8067.44474,23665,27103.68453
-4798.60258,23665,27149.791551
-4798.60258,23665,27194.538038
-4798.60258,23665,27238.925603
-5317.77988,23665,27284.619474
-5317.77988,23665,27332.430913
-5317.77988,23665,27376.544415
-4181.20674,23665,27421.521985
-4181.20674,23665,27464.621953
-7364.65984,23665,27511.799802
-7364.65984,23665,27557.575728
-7364.65984,23665,27603.449167
-8636.0966,23665,27648.111778
-8636.0966,23665,27691.80782
-5791.75578,23665,27739.423806
-5791.75578,23665,27785.557638
-5791.75578,23665,27828.877754
-3473.52792,23665,27878.049342
-3473.52792,23665,27922.918722
-6455.99104,23665,27968.134367
-6455.99104,23665,28011.611636
-6455.99104,23665,28058.107716
-9634.79086,23665,28104.68484
-9634.79086,23665,28149.526198
-5425.43854,23665,28195.88687
-5425.43854,23665,28241.954328
-5425.43854,23665,28290.095013
-6989.76732,23665,28340.530988
-6989.76732,23665,28387.164733
-6989.76732,23665,28433.154377
-7014.74384,23665,28476.790513
-7014.74384,23665,28520.044226
-6238.95564,23665,28563.737568
-6238.95564,23665,28607.374466
-6238.95564,23665,28651.130854
-6278.8159,23665,28696.769844
-6278.8159,23665,28741.738758
-4446.3241,23665,28790.21485
-4446.3241,23665,28838.286919
-4446.3241,23665,28884.930772
-5739.72392,23665,28930.725233
-5739.72392,23665,28979.186272
-6857.15564,23665,29027.018218
-6857.15564,23665,29073.882499
-6857.15564,23665,29117.619609
-6138.18926,23665,29168.986671
-6138.18926,23665,29213.302149
-6138.18926,23665,29257.062914
-10947.42688,23665,29300.291102
-10947.42688,23665,29344.153066
-11065.4281,23665,29387.434617
-11065.4281,23665,29430.568809
-11065.4281,23665,29473.842561
-5469.27958,23665,29517.293402
-5469.27958,23665,29562.195107
-5538.2671,23665,29607.418209
-5538.2671,23665,29651.634766
-5538.2671,23665,29696.365534
-4956.38784,23665,29739.789422
-4956.38784,23665,29785.274662
-1023.95568,23665,29832.259571
-1023.95568,23665,29879.062887
-1023.95568,23665,29926.460033
-1286.42868,23665,29971.259904
-1286.42868,23665,30017.555467
-1802.32098,23665,30066.004918
-1802.32098,23665,30111.005703
-1802.32098,23665,30158.13043
-1436.1512,23665,30203.532914
-1436.1512,23665,30246.75213
-1436.1512,23665,30289.09121
-1901.21074,23665,30332.162874
-1901.21074,23665,30375.404471
-1842.34494,23665,30418.617342
-1842.34494,23665,30460.992823
-1842.34494,23665,30504.137537
-1450.52102,23665,30546.618032
-1450.52102,23665,30589.427553
-3498.20446,23665,30631.7606
-3498.20446,23665,30675.933535
-3498.20446,23665,30718.066895
-1559.07676,23665,30760.648934
-1559.07676,23665,30802.582216
-3569.85506,23665,30845.338869
-3569.85506,23665,30887.51879
-3569.85506,23665,30930.003549
-3984.24356,23665,30972.587871
-3984.24356,23665,31015.388067
-4468.88008,23665,31057.363293
-4468.88008,23665,31099.766102
-4468.88008,23665,31141.80589
-6063.38694,23665,31184.366305
-6063.38694,23665,31226.851842
-6063.38694,23665,31269.5834
-3825.65678,23665,31311.675143
-3825.65678,23665,31353.981615
-2390.63082,23665,31396.467252
-2390.63082,23665,31439.504372
-2390.63082,23665,31481.566213
-3020.69224,23665,31524.284005
-3020.69224,23665,31566.567647
-3333.60914,23665,31608.807069
-3333.60914,23665,31651.099455
-3333.60914,23665,31693.082591
-1148.95276,23665,31735.506949
-1148.95276,23665,31777.873452
-1604.89908,23665,31820.510521
-1604.89908,23665,31862.997469
-1604.89908,23665,31905.310242
-6190.98582,23665,31947.755553
-6190.98582,23665,31990.026797
-6190.98582,23665,32032.122
-2088.3586,23665,32074.358681
-2088.3586,23665,32116.52739
-1436.16714,23665,32159.079425
-1436.16714,23665,32201.510031
-1436.16714,23665,32244.167518
-762.97528,23665,32286.669325
-762.97528,23665,32328.685512
-3210.03076,23665,32371.214893
-3210.03076,23665,32413.377341
-3210.03076,23665,32455.896904
-3119.2006,23665,32498.899236
-3119.2006,23665,32540.889141
-3188.39072,23665,32583.617648
-3188.39072,23665,32625.45341
-3188.39072,23665,32667.644762
-3552.47862,23665,32709.840035
-3552.47862,23665,32751.73664
-3067.63566,23665,32794.0513
-3067.63566,23665,32836.393005
-3067.63566,23665,32878.350741
-3567.3721,23665,32920.518252
-3567.3721,23665,32962.709558
-3567.3721,23665,33005.125479
-2404.68464,23665,33047.645091
-2404.68464,23665,33089.709374
-4566.10592,23665,33132.015463
-4566.10592,23665,33173.932015
-4566.10592,23665,33215.957006
-5581.4194,23665,33258.385432
-5581.4194,23665,33301.142583
-3880.92652,23665,33343.490758
-3880.92652,23665,33385.750867
-3880.92652,23665,33428.016245
-3461.5918,23665,33470.130501
-3461.5918,23665,33512.295342
-5033.45734,23665,33554.634299
-5033.45734,23665,33596.80522
-5033.45734,23665,33638.802959
-4515.6965,23665,33681.41975
-4515.6965,23665,33723.604437
-6164.57226,23665,33765.981227
-6164.57226,23665,33808.081169
-6164.57226,23665,33850.464575
-6347.35798,23665,33892.951215
-6347.35798,23665,33935.382549
-6347.35798,23665,33977.916523
-8447.27996,23665,34020.193669
-8447.27996,23665,34063.144851
-7886.00608,23665,34105.913518
-7886.00608,23665,34148.237347
-7886.00608,23665,34190.336274
-7603.65082,23665,34232.980067
-7603.65082,23665,34275.007128
-8034.27172,23665,34317.433
-8034.27172,23665,34359.288882
-8034.27172,23665,34401.371561
-7546.22052,23665,34443.758237
-7546.22052,23665,34485.753489
-5871.76508,23665,34528.231907
-5871.76508,23665,34570.796448
-5871.76508,23665,34612.787252
-4217.78902,23665,34655.184267
-4217.78902,23665,34697.30997
-4217.78902,23665,34739.587435
-13032.1913,23665,34781.761713
-13032.1913,23665,34824.745414
-11266.61862,23665,34867.075885
-11266.61862,23665,34909.101643
-11266.61862,23665,34951.140601
-10848.13782,23665,34993.653126
-10848.13782,23665,35035.824573
-10352.71624,23665,35078.384705
-10352.71624,23665,35120.534617
-10352.71624,23665,35162.716118
-5282.22424,23665,35204.824039
-5282.22424,23665,35247.004601
-9210.76682,23665,35289.398595
-9210.76682,23665,35331.535577
-9210.76682,23665,35373.928868
-3695.85468,23665,35416.370399
-3695.85468,23665,35458.390625
-8649.06796,23665,35501.886486
-8649.06796,23665,35543.961578
-8649.06796,23665,35586.460192
-13981.12828,23665,35628.542323
-13981.12828,23665,35670.558997
-13981.12828,23665,35712.802616
-10458.33396,23665,35755.566831
-10458.33396,23665,35797.619328
-11681.66766,23665,35839.853843
-11681.66766,23665,35881.957043
-11681.66766,23665,35923.851166
-4787.21012,23665,35966.40278
-4787.21012,23665,36008.721844
-4392.0908,23665,36050.986717
-4392.0908,23665,36093.894278
-4392.0908,23665,36136.028591
-5752.67628,23665,36178.549698
-5752.67628,23665,36220.662517
-15141.95102,23665,36262.89132
-15141.95102,23665,36304.847581
-15141.95102,23665,36346.902276
-14889.55314,23665,36389.222554
-14889.55314,23665,36431.533889
-13909.1354,23665,36473.722724
-13909.1354,23665,36516.141935
-13909.1354,23665,36558.130797
-10694.14106,23665,36600.536834
-10694.14106,23665,36642.518352
-10694.14106,23665,36684.878303
-10671.7361,23665,36727.512897
-10671.7361,23665,36769.588463
-11875.14824,23665,36812.012341
-11875.14824,23665,36854.26321
-11875.14824,23665,36896.36821
-13610.44476,23665,36938.708787
-13610.44476,23665,36981.039695
-9158.43074,23665,37023.45983
-9158.43074,23665,37065.596848
-9158.43074,23665,37107.683376
-6497.4805,23665,37150.003405
-6497.4805,23665,37191.933738
-6980.71146,23665,37234.24713
-6980.71146,23665,37276.436141
-6980.71146,23665,37318.607593
-4363.6006,23665,37360.808305
-4363.6006,23665,37402.980603
-4363.6006,23665,37444.943645
-2224.67274,23665,37487.137099
-2224.67274,23665,37529.368168
-2297.19232,23665,37571.861479
-2297.19232,23665,37614.517557
-2297.19232,23665,37656.707114
-4335.6853,23665,37699.130993
-4335.6853,23665,37741.257232
-3011.01204,23665,37783.829103
-3011.01204,23665,37825.86343
-3011.01204,23665,37868.712535
-2270.54634,23665,37910.901381
-2270.54634,23665,37953.000963
-9304.0129,23665,37995.282205
-9304.0129,23665,38037.423986
-9304.0129,23665,38079.517623
-7275.7443,23665,38121.987038
-7275.7443,23665,38164.147583
-9480.0305,23665,38206.720291
-9480.0305,23665,38248.631718
-9480.0305,23665,38291.003866
-9615.26306,23665,38332.991118
-9615.26306,23665,38375.324098
-9615.26306,23665,38418.014549
-9854.44662,23665,38460.43853
-9854.44662,23665,38502.343986
-10935.65662,23665,38544.833109
-10935.65662,23665,38586.872719
-10935.65662,23665,38628.984164
-12756.8388,23665,38671.281086
-12756.8388,23665,38713.346982
-10484.14594,23665,38756.151675
-10484.14594,23665,38798.131163
-10484.14594,23665,38840.407511
-8686.7126,23665,38882.953042
-8686.7126,23665,38924.928334
-13028.96958,23665,38967.214609
-13028.96958,23665,39009.279032
-13028.96958,23665,39051.438341
-8670.61262,23665,39093.982766
-8670.61262,23665,39136.072044
-7706.02328,23665,39178.394058
-7706.02328,23665,39220.275564
-7706.02328,23665,39262.452574
-7928.53462,23665,39304.885781
-7928.53462,23665,39346.671129
-7928.53462,23665,39388.814828
-7633.33718,23665,39430.97146
-7633.33718,23665,39472.812334
-9376.50316,23665,39515.199548
-9376.50316,23665,39557.544753
-9376.50316,23665,39599.718557
-8899.47252,23665,39641.925111
-8899.47252,23665,39684.200283
-7444.70536,23665,39727.519122
-7444.70536,23665,39769.384307
-7444.70536,23665,39811.982141
-9987.54492,23665,39854.234689
-9987.54492,23665,39896.343446
-7881.50418,23665,39938.303269
-7881.50418,23665,39980.473917
-7881.50418,23665,40022.603335
-6752.27782,23665,40064.906981
-6752.27782,23665,40106.964083
-6752.27782,23665,40149.058015
-3829.42456,23665,40191.071455
-3829.42456,23665,40234.546139
-8825.8001,23665,40276.922137
-8825.8001,23665,40319.883438
-8825.8001,23665,40361.660362
-13364.16892,23665,40404.16475
-13364.16892,23665,40446.401685
-9203.49882,23665,40488.670932
-9203.49882,23665,40530.599611
-9203.49882,23665,40573.031622
-12050.71662,23665,40615.301855
-12050.71662,23665,40657.384316
-7365.71442,23665,40699.486793
-7365.71442,23665,40741.581085
-7365.71442,23665,40783.538046
-6378.64264,23665,40825.732073
-6378.64264,23665,40867.964341
-5242.51082,23665,40910.283867
-5242.51082,23665,40952.298425
-5242.51082,23665,40994.314326
-6844.86384,23665,41036.655856
-6844.86384,23665,41078.551955
-6844.86384,23665,41120.57998
-7618.73942,23665,41163.028381
-7618.73942,23665,41205.178424
-8937.57448,23665,41247.492908
-8937.57448,23665,41289.4495
-8937.57448,23665,41331.549358
-4949.04946,23665,41373.843863
-4949.04946,23665,41415.946223
-5462.49576,23665,41458.371887
-5462.49576,23665,41500.433815
-5462.49576,23665,41542.583652
-6708.87508,23665,41584.973386
-6708.87508,23665,41627.189947
-12139.0831,23665,41669.476449
-12139.0831,23665,41711.519774
-12139.0831,23665,41753.266738
-12606.91708,23665,41795.800038
-12606.91708,23665,41837.813153
-9632.38434,23665,41880.101315
-9632.38434,23665,41922.326611
-9632.38434,23665,41964.401545
-10407.5525,23665,42006.785519
-10407.5525,23665,42048.627702
-10407.5525,23665,42091.321036
-9991.6267,23665,42133.664523
-9991.6267,23665,42176.158463
-9304.0686,23665,42218.29049
-9304.0686,23665,42260.760729
-9304.0686,23665,42302.701542
-11228.54444,23665,42344.842341
-11228.54444,23665,42386.919209
-8009.41612,23665,42429.200833
-8009.41612,23665,42471.176758
-8009.41612,23665,42513.204751
