#{"t_start": 1676501392.773363, "env_id": null}
r,l,t
-131348.606144,23665,53.095959
-131348.606144,23665,99.829853
-65342.805959,23665,143.996457
-65342.805959,23665,191.794479
-65342.805959,23665,239.951073
-41490.566922,23665,289.510263
-41490.566922,23665,336.150176
-160088.205103,23665,385.139393
-160088.205103,23665,433.352685
-160088.205103,23665,480.048396
-78978.20469,23665,525.669536
-78978.20469,23665,572.906648
-41152.346608,23665,620.638931
-41152.346608,23665,668.090215
-41152.346608,23665,715.205647
-71028.638957,23665,761.568299
-71028.638957,23665,807.232232
-73715.471665,23665,853.551437
-73715.471665,23665,898.50155
-73715.471665,23665,946.627872
-115634.413512,23665,993.000997
-115634.413512,23665,1040.317816
-115634.413512,23665,1085.071753
-148119.480144,23665,1131.880213
-148119.480144,23665,1177.623993
-109410.359459,23665,1226.264313
-109410.359459,23665,1272.951011
-109410.359459,23665,1319.136152
-108465.263301,23665,1365.774322
-108465.263301,23665,1413.214576
-110654.136041,23665,1460.104397
-110654.136041,23665,1506.646374
-110654.136041,23665,1556.189587
-124429.560887,23665,1602.467156
-124429.560887,23665,1649.804277
-102453.828026,23665,1696.009252
-102453.828026,23665,1744.506647
-102453.828026,23665,1791.0971
-56623.361963,23665,1836.511678
-56623.361963,23665,1881.228629
-63838.815429,23665,1926.359598
-63838.815429,23665,1970.362894
-63838.815429,23665,2015.33631
-63521.427607,23665,2060.531181
-63521.427607,23665,2107.36357
-63521.427607,23665,2154.220705
-71289.107244,23665,2201.798693
-71289.107244,23665,2245.643053
-53661.332537,23665,2290.413999
-53661.332537,23665,2334.234672
-53661.332537,23665,2378.845694
-48888.24023,23665,2422.866729
-48888.24023,23665,2467.676269
-26113.487073,23665,2511.214143
-26113.487073,23665,2555.882935
-26113.487073,23665,2599.16795
-43191.932095,23665,2644.385951
-43191.932095,23665,2688.254657
-40480.055811,23665,2733.344235
-40480.055811,23665,2777.280228
-40480.055811,23665,2821.946687
-24012.075877,23665,2865.869659
-24012.075877,23665,2910.704003
-24012.075877,23665,2954.490198
-22992.046532,23665,2999.230339
-22992.046532,23665,3043.095912
-51102.769802,23665,3088.072879
-51102.769802,23665,3131.802245
-51102.769802,23665,3176.091594
-28275.773708,23665,3219.766065
-28275.773708,23665,3264.2772
-57985.67267,23665,3309.175529
-57985.67267,23665,3352.229057
-57985.67267,23665,3396.834642
-50935.984093,23665,3440.364379
-50935.984093,23665,3484.366104
-75232.213482,23665,3528.416709
-75232.213482,23665,3573.044434
-75232.213482,23665,3616.823639
-12560.330452,23665,3660.325748
-12560.330452,23665,3704.829244
-20984.289505,23665,3749.753575
-20984.289505,23665,3792.887555
-20984.289505,23665,3837.052504
-26132.292379,23665,3880.690262
-26132.292379,23665,3924.792549
-26132.292379,23665,3967.78037
-8567.065973,23665,4011.760332
-8567.065973,23665,4054.666195
-7662.77335,23665,4098.253099
-7662.77335,23665,4142.858949
-7662.77335,23665,4185.873674
-25805.068729,23665,4230.524268
-25805.068729,23665,4273.949818
-27044.831817,23665,4318.308758
-27044.831817,23665,4361.408605
-27044.831817,23665,4405.79054
-17193.984289,23665,4449.305683
-17193.984289,23665,4493.499592
-63347.020845,23665,4538.230703
-63347.020845,23665,4581.304688
-63347.020845,23665,4625.459074
-12707.784683,23665,4668.42056
-12707.784683,23665,4712.277558
-26311.584871,23665,4755.355606
-26311.584871,23665,4799.789143
-26311.584871,23665,4842.732768
-26406.011301,23665,4886.4914
-26406.011301,23665,4930.894621
-26406.011301,23665,4974.273823
-36272.929842,23665,5019.330165
-36272.929842,23665,5062.903387
-15637.75497,23665,5107.266889
-15637.75497,23665,5150.248068
-15637.75497,23665,5194.731895
-11261.54415,23665,5238.682251
-11261.54415,23665,5283.791659
-6839.320924,23665,5327.421127
-6839.320924,23665,5371.727599
-6839.320924,23665,5415.312307
-12296.698849,23665,5458.571062
-12296.698849,23665,5502.9064
-32928.396588,23665,5547.733935
-32928.396588,23665,5590.760395
-32928.396588,23665,5639.546735
-3679.621997,23665,5686.156269
-3679.621997,23665,5733.81027
-3679.621997,23665,5779.800055
-13739.60029,23665,5827.761822
-13739.60029,23665,5873.832237
-3520.500593,23665,5919.986341
-3520.500593,23665,5967.084708
-3520.500593,23665,6012.751445
-2167.232335,23665,6059.381361
-2167.232335,23665,6106.547966
-4498.758128,23665,6154.208958
-4498.758128,23665,6199.868588
-4498.758128,23665,6246.54315
-5231.245089,23665,6292.04235
-5231.245089,23665,6340.353144
-9058.146095,23665,6388.210673
-9058.146095,23665,6434.699488
-9058.146095,23665,6481.934698
-2085.05695,23665,6528.881951
-2085.05695,23665,6575.065868
-2119.744391,23665,6622.041851
-2119.744391,23665,6667.746248
-2119.744391,23665,6714.088653
-4527.530214,23665,6759.483758
-4527.530214,23665,6806.073255
-4527.530214,23665,6851.482937
-4088.120228,23665,6897.610856
-4088.120228,23665,6944.830806
-1710.256117,23665,6992.064885
-1710.256117,23665,7037.527536
-1710.256117,23665,7084.688432
-2338.108787,23665,7130.395012
-2338.108787,23665,7177.14116
-5283.2443,23665,7224.777082
-5283.2443,23665,7270.683264
-5283.2443,23665,7317.515633
-2848.27393,23665,7364.664151
-2848.27393,23665,7410.529919
-2457.451838,23665,7456.851238
-2457.451838,23665,7503.653067
-2457.451838,23665,7549.460733
-1080.480221,23665,7595.891284
-1080.480221,23665,7643.639526
-1422.011169,23665,7689.576378
-1422.011169,23665,7735.966049
-1422.011169,23665,7781.481688
-3740.646258,23665,7827.903026
-3740.646258,23665,7874.847747
-3740.646258,23665,7920.663979
-433.612336,23665,7967.540012
-433.612336,23665,8013.552538
-694.489147,23665,8060.303572
-694.489147,23665,8105.6358
-694.489147,23665,8152.451079
-316.920864,23665,8198.002441
-316.920864,23665,8244.842947
-1248.043691,23665,8290.368978
-1248.043691,23665,8337.027569
-1248.043691,23665,8382.547016
-129.920149,23665,8429.669752
-129.920149,23665,8477.204876
-1733.357317,23665,8523.622602
-1733.357317,23665,8568.630409
-1733.357317,23665,8615.156913
-30938.477558,23665,8662.372721
-30938.477558,23665,8707.917872
-30938.477558,23665,8754.280994
-4050.965766,23665,8799.638585
-4050.965766,23665,8845.924765
-5468.650078,23665,8893.106561
-5468.650078,23665,8938.344156
-5468.650078,23665,8985.32212
-9277.852926,23665,9031.269674
-9277.852926,23665,9078.515099
-7681.535014,23665,9124.189751
-7681.535014,23665,9170.296208
-7681.535014,23665,9215.632966
-1172.621762,23665,9262.451092
-1172.621762,23665,9307.587116
-6759.135845,23665,9354.366886
-6759.135845,23665,9399.770201
-6759.135845,23665,9446.29029
-5108.843887,23665,9492.053266
-5108.843887,23665,9538.545114
-3077.490511,23665,9584.302671
-3077.490511,23665,9630.813308
-3077.490511,23665,9676.949316
-548.528377,23665,9723.980168
-548.528377,23665,9769.373828
-548.528377,23665,9815.755983
-8651.685473,23665,9862.073518
-8651.685473,23665,9908.631715
-7499.952061,23665,9954.216246
-7499.952061,23665,10000.733701
-7499.952061,23665,10046.167849
-1590.527208,23665,10092.352767
-1590.527208,23665,10138.600938
-2528.092389,23665,10184.93993
-2528.092389,23665,10230.105175
-2528.092389,23665,10276.5667
-2527.459102,23665,10323.196788
-2527.459102,23665,10368.678194
-147.578285,23665,10416.332149
-147.578285,23665,10471.656572
-147.578285,23665,10519.157473
-1500.345635,23665,10568.770725
-1500.345635,23665,10616.616035
-547.053531,23665,10665.276722
-547.053531,23665,10712.646467
-547.053531,23665,10761.973174
-8604.991465,23665,10810.979913
-8604.991465,23665,10859.297151
-8604.991465,23665,10906.755201
-12717.813481,23665,10957.853606
-12717.813481,23665,11006.531427
-17393.24526,23665,11058.509266
-17393.24526,23665,11105.20099
-17393.24526,23665,11155.249759
-3081.031482,23665,11204.593363
-3081.031482,23665,11252.103731
-3094.330089,23665,11302.278084
-3094.330089,23665,11349.697533
-3094.330089,23665,11397.424943
-3028.917907,23665,11446.57405
-3028.917907,23665,11495.565451
-14934.082326,23665,11545.024583
-14934.082326,23665,11594.622311
-14934.082326,23665,11642.248852
175.07214,23665,11691.245549
175.07214,23665,11739.829808
175.07214,23665,11788.437449
222.4,23665,11837.439183
222.4,23665,11886.027908
592.934873,23665,11934.092734
592.934873,23665,11985.33476
592.934873,23665,12034.789715
331.000268,23665,12081.925725
331.000268,23665,12133.346848
-1009.330117,23665,12181.515908
-1009.330117,23665,12229.016479
-1009.330117,23665,12279.779301
-541.85459,23665,12329.484508
-541.85459,23665,12376.805033
-2394.732799,23665,12425.4102
-2394.732799,23665,12476.90877
-2394.732799,23665,12529.886985
147.668159,23665,12579.400477
147.668159,23665,12627.990994
-3010.095369,23665,12678.955621
-3010.095369,23665,12729.781605
-3010.095369,23665,12780.50136
-1270.30496,23665,12830.412529
-1270.30496,23665,12879.944467
-1270.30496,23665,12929.178834
-8465.764499,23665,12981.204315
-8465.764499,23665,13032.629452
-1467.605361,23665,13083.029335
-1467.605361,23665,13132.306192
-1467.605361,23665,13180.160561
-7435.606131,23665,13226.623193
-7435.606131,23665,13273.925951
-9708.163723,23665,13320.459844
-9708.163723,23665,13367.551923
-9708.163723,23665,13414.114719
-8541.781592,23665,13462.082717
-8541.781592,23665,13508.190049
-7746.398768,23665,13553.722124
-7746.398768,23665,13599.6982
-7746.398768,23665,13644.974862
-4778.610111,23665,13691.368947
-4778.610111,23665,13738.164139
-10046.953685,23665,13784.552698
-10046.953685,23665,13831.074836
-10046.953685,23665,13876.83623
-1472.185842,23665,13923.744444
-1472.185842,23665,13969.719131
-1472.185842,23665,14016.35452
-1069.273243,23665,14062.293882
-1069.273243,23665,14108.852694
-14614.163829,23665,14154.5427
-14614.163829,23665,14201.025974
-14614.163829,23665,14246.820594
-3462.025945,23665,14294.037884
-3462.025945,23665,14339.689081
-1361.137206,23665,14386.219752
-1361.137206,23665,14432.067275
-1361.137206,23665,14479.683197
-6798.871338,23665,14525.667941
-6798.871338,23665,14571.898036
-6375.014415,23665,14617.700764
-6375.014415,23665,14664.144675
-6375.014415,23665,14709.876076
-1704.338552,23665,14756.065309
-1704.338552,23665,14801.670308
-1704.338552,23665,14848.126134
70.102262,23665,14894.73566
70.102262,23665,14940.989303
-3286.377687,23665,14986.781884
-3286.377687,23665,15033.613051
-3286.377687,23665,15079.212518
-754.042779,23665,15125.890435
-754.042779,23665,15171.648956
-1111.463458,23665,15217.888918
-1111.463458,23665,15263.67417
-1111.463458,23665,15309.729241
-1980.174494,23665,15355.798164
-1980.174494,23665,15402.282667
-2509.309013,23665,15448.593194
-2509.309013,23665,15494.542055
-2509.309013,23665,15540.285084
-11613.585935,23665,15586.556609
-11613.585935,23665,15632.644861
-4404.17068,23665,15679.251048
-4404.17068,23665,15725.771906
-4404.17068,23665,15771.343432
-3361.621115,23665,15817.689702
-3361.621115,23665,15864.413096
-3361.621115,23665,15910.751751
-1719.516243,23665,15957.130382
-1719.516243,23665,16002.53808
-251.752482,23665,16049.02788
-251.752482,23665,16094.546374
-251.752482,23665,16140.740816
-2547.678652,23665,16186.184757
-2547.678652,23665,16233.144243
-11753.345298,23665,16279.130741
-11753.345298,23665,16325.584903
-11753.345298,23665,16370.808935
-4068.3928,23665,16416.325761
-4068.3928,23665,16462.196782
-6672.879274,23665,16508.513079
-6672.879274,23665,16554.152675
-6672.879274,23665,16600.279094
-4053.569204,23665,16645.933556
-4053.569204,23665,16692.185994
-2912.562991,23665,16737.955872
-2912.562991,23665,16784.570083
-2912.562991,23665,16830.311024
-4144.404993,23665,16877.336464
-4144.404993,23665,16922.943843
-4144.404993,23665,16968.992988
-5972.091393,23665,17014.690234
-5972.091393,23665,17060.880217
-3424.200215,23665,17106.590341
-3424.200215,23665,17152.709344
-3424.200215,23665,17198.801633
-6384.963297,23665,17245.401967
-6384.963297,23665,17291.190352
-3654.366858,23665,17337.332943
-3654.366858,23665,17383.298727
-3654.366858,23665,17429.293729
-1985.106807,23665,17475.273014
-1985.106807,23665,17521.732682
-512.887407,23665,17567.344241
-512.887407,23665,17613.574342
-512.887407,23665,17659.509805
-2141.378114,23665,17706.176951
-2141.378114,23665,17751.281627
-2141.378114,23665,17798.113316
-4069.622926,23665,17844.062793
-4069.622926,23665,17890.628366
-3682.88113,23665,17937.132656
-3682.88113,23665,17983.299824
-3682.88113,23665,18028.580748
-2120.966102,23665,18075.081611
-2120.966102,23665,18120.788871
-1930.17599,23665,18166.872488
-1930.17599,23665,18212.391864
-1930.17599,23665,18258.435333
-1147.010582,23665,18303.974327
-1147.010582,23665,18350.108589
-501.55358,23665,18396.024486
-501.55358,23665,18442.508672
-501.55358,23665,18487.962262
-756.638188,23665,18534.404966
-756.638188,23665,18579.613628
-592.398521,23665,18625.889232
-592.398521,23665,18671.76607
-592.398521,23665,18717.816683
5.468415,23665,18763.330202
5.468415,23665,18809.25049
5.468415,23665,18854.815545
-348.369549,23665,18901.583163
-348.369549,23665,18946.796575
-2145.645337,23665,18992.895032
-2145.645337,23665,19038.610864
-2145.645337,23665,19084.481964
-1099.918781,23665,19129.947344
-1099.918781,23665,19175.9822
-1089.339345,23665,19222.28988
-1089.339345,23665,19268.77666
-1089.339345,23665,19314.264518
-2050.179193,23665,19361.022606
-2050.179193,23665,19406.578556
-5982.707574,23665,19453.172064
-5982.707574,23665,19498.619536
-5982.707574,23665,19544.807915
-370.441801,23665,19590.402483
-370.441801,23665,19636.727939
-999.116582,23665,19682.437438
-999.116582,23665,19728.094397
-999.116582,23665,19773.847726
-854.752521,23665,19820.661015
-854.752521,23665,19866.293304
-854.752521,23665,19912.326909
-7966.03054,23665,19958.071538
-7966.03054,23665,20004.105777
-138.584308,23665,20049.585626
-138.584308,23665,20095.154423
-138.584308,23665,20140.256702
-366.622658,23665,20187.046281
-366.622658,23665,20232.500806
-1020.606217,23665,20278.940452
-1020.606217,23665,20324.493156
-1020.606217,23665,20370.742429
-876.170886,23665,20416.65723
-876.170886,23665,20463.211333
-744.63915,23665,20508.973169
-744.63915,23665,20554.853649
-744.63915,23665,20600.082231
-454.62124,23665,20646.320317
-454.62124,23665,20691.475182
-454.62124,23665,20737.37049
-999.698692,23665,20782.723755
-999.698692,23665,20828.57739
-487.82124,23665,20874.36662
-487.82124,23665,20920.298523
-487.82124,23665,20965.606189
-378.050369,23665,21011.978488
-378.050369,23665,21057.278327
-34317.345988,23665,21103.699537
-34317.345988,23665,21149.773191
-34317.345988,23665,21195.732157
-19383.344669,23665,21241.346327
-19383.344669,23665,21287.621607
-149.034662,23665,21333.134082
-149.034662,23665,21379.417736
-149.034662,23665,21424.813675
-544.119167,23665,21475.165069
-544.119167,23665,21521.465838
-353.55362,23665,21567.690272
-353.55362,23665,21613.987508
-353.55362,23665,21660.073078
-517.6,23665,21705.509869
-517.6,23665,21751.102772
-517.6,23665,21796.465216
-517.6,23665,21842.393471
-517.6,23665,21887.80461
-1460.641998,23665,21934.68154
-1460.641998,23665,21979.760373
-1460.641998,23665,22025.418292
-594.105363,23665,22070.556226
-594.105363,23665,22115.995687
-974.465638,23665,22161.515166
-974.465638,23665,22207.385343
-974.465638,23665,22252.788574
-573.434662,23665,22298.844532
-573.434662,23665,22344.132993
-1054.469351,23665,22390.008892
-1054.469351,23665,22434.925859
-1054.469351,23665,22480.78898
-145.604158,23665,22526.270918
-145.604158,23665,22572.081688
-777.621898,23665,22617.354533
-777.621898,23665,22662.9428
-777.621898,23665,22708.281912
-722.946423,23665,22754.376245
-722.946423,23665,22799.084991
-722.946423,23665,22845.235961
-447.389113,23665,22891.740098
-447.389113,23665,22937.721075
-1788.719427,23665,22983.873291
-1788.719427,23665,23028.790044
-1788.719427,23665,23074.195693
-43079.894845,23665,23120.357597
-43079.894845,23665,23166.039267
-354.690539,23665,23211.337568
-354.690539,23665,23256.82995
-354.690539,23665,23301.731191
-28110.917454,23665,23347.762438
-28110.917454,23665,23392.4123
-1158.512184,23665,23438.153542
-1158.512184,23665,23482.999291
-1158.512184,23665,23528.556772
-290.305093,23665,23573.23408
-290.305093,23665,23618.93531
-290.305093,23665,23663.720172
-2244.063714,23665,23709.152895
-2244.063714,23665,23754.518885
-3014.851193,23665,23800.443222
-3014.851193,23665,23845.030636
-3014.851193,23665,23890.832431
-2462.442445,23665,23935.793048
-2462.442445,23665,23981.392908
414.623451,23665,24026.431154
414.623451,23665,24072.2975
414.623451,23665,24117.118248
-67.201443,23665,24162.889072
-67.201443,23665,24207.655358
-3972.713856,23665,24253.267247
-3972.713856,23665,24297.973212
-3972.713856,23665,24343.638645
-69.990987,23665,24389.209612
-69.990987,23665,24434.808555
-511.908215,23665,24479.943263
-511.908215,23665,24525.482826
-511.908215,23665,24570.292786
1092.340497,23665,24615.879858
1092.340497,23665,24661.12945
1092.340497,23665,24706.562382
-675.279173,23665,24751.645442
-675.279173,23665,24797.026905
-9364.958515,23665,24842.328111
-9364.958515,23665,24887.624228
-9364.958515,23665,24932.606126
-14536.690893,23665,24978.973704
-14536.690893,23665,25023.992555
-6404.516772,23665,25069.664788
-6404.516772,23665,25114.608298
-6404.516772,23665,25159.984437
-5750.065064,23665,25205.241895
-5750.065064,23665,25250.554989
-3035.259592,23665,25295.893232
-3035.259592,23665,25341.561114
-3035.259592,23665,25386.37552
-2784.483107,23665,25431.668967
-2784.483107,23665,25476.948393
-8909.673065,23665,25522.171749
-8909.673065,23665,25567.6435
-8909.673065,23665,25612.259651
-2603.723177,23665,25657.935577
-2603.723177,23665,25702.865568
-2603.723177,23665,25748.361605
-1117.796525,23665,25793.049845
-1117.796525,23665,25838.667022
-1409.55816,23665,25884.324803
-1409.55816,23665,25929.892718
-1409.55816,23665,25974.705755
-1847.869871,23665,26020.204744
-1847.869871,23665,26064.999474
-17759.309301,23665,26110.043357
-17759.309301,23665,26155.312257
-17759.309301,23665,26200.075097
-4984.695868,23665,26245.699522
-4984.695868,23665,26290.757061
-2464.768634,23665,26336.090062
-2464.768634,23665,26380.85705
-2464.768634,23665,26426.766904
-3370.758507,23665,26472.436164
-3370.758507,23665,26517.909869
-3370.758507,23665,26562.796978
-12099.391315,23665,26608.522342
-12099.391315,23665,26653.280537
-3999.63661,23665,26698.888878
-3999.63661,23665,26743.699195
-3999.63661,23665,26789.388163
-1641.75485,23665,26835.142687
-1641.75485,23665,26881.033031
-3426.629103,23665,26926.323129
-3426.629103,23665,26971.846141
-3426.629103,23665,27017.035811
-3092.381374,23665,27063.378379
-3092.381374,23665,27108.277215
-5024.433885,23665,27154.510357
-5024.433885,23665,27199.618493
-5024.433885,23665,27245.224818
-30176.338736,23665,27290.662577
-30176.338736,23665,27335.815584
-3075.850523,23665,27380.899801
-3075.850523,23665,27426.252594
-3075.850523,23665,27471.00247
-2752.343688,23665,27516.478455
-2752.343688,23665,27561.28879
-2752.343688,23665,27606.691567
-4565.566362,23665,27652.378272
-4565.566362,23665,27697.794111
-13740.050901,23665,27742.747712
-13740.050901,23665,27787.974916
-13740.050901,23665,27832.677787
-4896.61507,23665,27878.040913
-4896.61507,23665,27925.000219
-6479.85741,23665,27970.61339
-6479.85741,23665,28015.981732
-6479.85741,23665,28061.087381
-3803.206896,23665,28106.836884
-3803.206896,23665,28151.845368
-686.594104,23665,28196.860739
-686.594104,23665,28242.24404
-686.594104,23665,28287.291817
-3091.466738,23665,28332.863529
-3091.466738,23665,28377.402248
-6709.406349,23665,28422.848137
-6709.406349,23665,28467.736363
-6709.406349,23665,28513.445532
-12026.588915,23665,28558.847551
-12026.588915,23665,28603.767528
-12026.588915,23665,28649.080886
-3610.296351,23665,28694.944039
-3610.296351,23665,28739.715054
-2998.641286,23665,28785.267239
-2998.641286,23665,28830.210786
-2998.641286,23665,28876.05533
-4283.465856,23665,28921.821184
-4283.465856,23665,28966.982574
-7773.352358,23665,29012.54464
-7773.352358,23665,29057.701429
-7773.352358,23665,29102.960424
-29992.511093,23665,29148.246221
-29992.511093,23665,29193.648344
-5498.330534,23665,29238.763261
-5498.330534,23665,29284.413711
-5498.330534,23665,29329.29618
-7265.689854,23665,29374.89813
-7265.689854,23665,29419.901407
-7265.689854,23665,29465.282715
-10042.579122,23665,29510.35346
-10042.579122,23665,29555.699187
-11320.114796,23665,29600.910677
-11320.114796,23665,29646.325321
-11320.114796,23665,29690.997523
-1817.046865,23665,29736.563596
-1817.046865,23665,29781.643754
-3822.198245,23665,29827.400627
-3822.198245,23665,29872.027168
-3822.198245,23665,29917.228114
-26726.074428,23665,29962.886753
-26726.074428,23665,30008.802594
-8397.859175,23665,30054.538311
-8397.859175,23665,30099.704993
-8397.859175,23665,30144.668455
-24169.328036,23665,30190.538229
-24169.328036,23665,30235.404858
-7069.627403,23665,30280.899876
-7069.627403,23665,30326.275947
-7069.627403,23665,30371.745675
-14858.105541,23665,30416.86439
-14858.105541,23665,30461.961302
-14858.105541,23665,30507.1897
-10925.792822,23665,30552.664623
-10925.792822,23665,30597.513213
-22060.134294,23665,30643.655929
-22060.134294,23665,30689.021506
-22060.134294,23665,30734.336567
-13178.252361,23665,30779.840636
-13178.252361,23665,30825.023853
-5204.583286,23665,30870.451269
-5204.583286,23665,30915.608034
-5204.583286,23665,30960.644347
-17015.999714,23665,31006.488979
-17015.999714,23665,31051.727712
-4331.75698,23665,31097.263935
-4331.75698,23665,31142.049785
-4331.75698,23665,31187.43744
-6490.758212,23665,31232.594557
-6490.758212,23665,31277.664849
-25226.882974,23665,31323.079572
-25226.882974,23665,31368.209085
-25226.882974,23665,31413.562445
-17587.797533,23665,31459.135137
-17587.797533,23665,31504.132396
-17587.797533,23665,31548.996054
-17345.841455,23665,31594.116396
-17345.841455,23665,31639.43617
-30617.712013,23665,31684.963217
-30617.712013,23665,31730.046072
-30617.712013,23665,31775.487746
-4117.611484,23665,31820.925949
-4117.611484,23665,31866.41546
-2722.164602,23665,31911.800256
-2722.164602,23665,31956.835547
-2722.164602,23665,32001.923637
-4195.701359,23665,32047.370229
-4195.701359,23665,32092.238715
-5374.776661,23665,32137.332627
-5374.776661,23665,32183.162768
-5374.776661,23665,32228.58909
-39909.198818,23665,32273.947616
-39909.198818,23665,32319.058926
-39909.198818,23665,32364.546685
-6720.884502,23665,32409.758179
-6720.884502,23665,32454.867876
-52394.071125,23665,32500.021343
-52394.071125,23665,32545.380117
-52394.071125,23665,32590.763463
-13126.339603,23665,32636.088969
-13126.339603,23665,32681.019148
-20874.417189,23665,32726.898483
-20874.417189,23665,32772.219374
-20874.417189,23665,32817.862193
-34783.721593,23665,32862.996441
-34783.721593,23665,32908.370564
-15679.343889,23665,32953.634499
-15679.343889,23665,32998.62254
-15679.343889,23665,33043.598047
-13666.389537,23665,33088.9451
-13666.389537,23665,33133.988136
-17412.100925,23665,33178.929037
-17412.100925,23665,33223.751852
-17412.100925,23665,33268.92186
-17006.054124,23665,33314.250266
-17006.054124,23665,33359.709973
-17006.054124,23665,33404.736632
-24648.631678,23665,33450.209345
-24648.631678,23665,33494.887482
-18298.944266,23665,33540.141379
-18298.944266,23665,33585.086324
-18298.944266,23665,33631.392037
-15075.680342,23665,33676.594564
-15075.680342,23665,33722.667296
-26861.193421,23665,33768.01823
-26861.193421,23665,33813.150646
-26861.193421,23665,33858.305806
-14122.109522,23665,33903.747035
-14122.109522,23665,33948.819967
-15794.318915,23665,33994.240847
-15794.318915,23665,34039.209553
-15794.318915,23665,34084.466101
-11310.397623,23665,34129.479754
-11310.397623,23665,34174.647883
-16577.66082,23665,34220.043363
-16577.66082,23665,34265.569144
-16577.66082,23665,34310.40432
-15695.742497,23665,34356.013298
-15695.742497,23665,34401.218438
-15695.742497,23665,34446.547659
-24103.161062,23665,34491.833115
-24103.161062,23665,34537.275846
-12778.099094,23665,34582.640787
-12778.099094,23665,34627.760412
-12778.099094,23665,34672.543062
-17449.634013,23665,34717.844985
-17449.634013,23665,34762.76956
-22991.327809,23665,34808.176331
-22991.327809,23665,34853.133777
-22991.327809,23665,34898.718081
-13826.052523,23665,34943.857989
-13826.052523,23665,34989.131937
-12335.346549,23665,35033.994879
-12335.346549,23665,35079.135101
-12335.346549,23665,35124.187171
-13525.163992,23665,35169.404926
-13525.163992,23665,35214.696399
-13525.163992,23665,35259.406895
-18345.69699,23665,35304.488697
-18345.69699,23665,35349.604239
-12138.111449,23665,35394.356129
-12138.111449,23665,35439.588588
-12138.111449,23665,35484.57804
-11953.677034,23665,35530.267806
-11953.677034,23665,35575.217698
-44659.444179,23665,35620.838725
-44659.444179,23665,35666.095716
-44659.444179,23665,35711.737221
-17767.926834,23665,35757.442948
-17767.926834,23665,35802.966054
-19087.08698,23665,35848.444069
-19087.08698,23665,35893.586319
-19087.08698,23665,35938.400884
-15694.252984,23665,35983.760793
-15694.252984,23665,36028.758393
-20713.045594,23665,36074.541806
-20713.045594,23665,36119.308495
-20713.045594,23665,36164.192094
-53035.491727,23665,36209.51154
-53035.491727,23665,36254.666218
-53035.491727,23665,36299.832758
-57526.354152,23665,36345.234622
-57526.354152,23665,36391.426383
-41082.269382,23665,36436.534415
-41082.269382,23665,36481.737774
-41082.269382,23665,36526.938185
-23910.59782,23665,36572.663954
-23910.59782,23665,36617.860666
-32117.259655,23665,36663.925734
-32117.259655,23665,36708.664658
-32117.259655,23665,36753.940955
-29529.478712,23665,36799.106501
-29529.478712,23665,36844.517123
-38098.268427,23665,36889.794147
-38098.268427,23665,36934.850926
-38098.268427,23665,36980.48754
-20617.105808,23665,37025.957531
-20617.105808,23665,37070.414615
-34543.633881,23665,37115.564781
-34543.633881,23665,37160.828792
-34543.633881,23665,37205.66686
-42120.589273,23665,37251.473484
-42120.589273,23665,37296.525115
-42120.589273,23665,37341.508317
-25152.631815,23665,37386.713597
-25152.631815,23665,37431.5726
-47851.804247,23665,37476.778014
-47851.804247,23665,37522.121604
-47851.804247,23665,37567.387302
-34477.126707,23665,37612.520573
-34477.126707,23665,37657.536307
-42457.433163,23665,37703.588956
-42457.433163,23665,37748.690299
-42457.433163,23665,37793.726894
-17299.618097,23665,37839.228528
-17299.618097,23665,37884.84008
-94437.098437,23665,37930.39883
-94437.098437,23665,37975.516083
-94437.098437,23665,38020.604189
-32950.626787,23665,38065.961092
-32950.626787,23665,38110.934029
-32950.626787,23665,38156.387451
-55586.767235,23665,38201.950471
-55586.767235,23665,38247.151461
-26137.6663,23665,38292.508802
-26137.6663,23665,38337.315575
-26137.6663,23665,38382.33747
-32487.932033,23665,38428.141447
-32487.932033,23665,38473.189351
-16089.738894,23665,38518.720894
-16089.738894,23665,38563.498853
-16089.738894,23665,38608.535699
-43244.949342,23665,38653.954516
-43244.949342,23665,38698.904784
-68200.082502,23665,38744.609972
-68200.082502,23665,38790.458886
-68200.082502,23665,38836.045386
-22986.589154,23665,38881.421406
-22986.589154,23665,38926.29823
-27424.10345,23665,38971.659048
-27424.10345,23665,39016.61201
-27424.10345,23665,39062.004103
-42573.824051,23665,39107.090474
-42573.824051,23665,39152.210766
-42573.824051,23665,39197.228477
-16188.273139,23665,39242.714869
-16188.273139,23665,39287.466022
-36018.974674,23665,39332.759219
-36018.974674,23665,39378.769105
-36018.974674,23665,39424.067038
-27416.055036,23665,39469.193194
-27416.055036,23665,39514.292833
-32744.164395,23665,39559.555209
-32744.164395,23665,39604.913611
-32744.164395,23665,39650.250867
-34443.319446,23665,39695.941455
-34443.319446,23665,39741.242728
-21533.089131,23665,39786.477959
-21533.089131,23665,39831.235667
-21533.089131,23665,39876.225736
-34000.839957,23665,39921.516297
-34000.839957,23665,39966.945725
-7044.717155,23665,40012.184886
-7044.717155,23665,40057.144274
-7044.717155,23665,40102.078561
-25570.698411,23665,40147.436191
-25570.698411,23665,40192.194827
-25570.698411,23665,40237.554249
-18981.185819,23665,40282.782048
-18981.185819,23665,40327.685031
-2217.882424,23665,40372.426578
-2217.882424,23665,40417.438232
-2217.882424,23665,40462.192162
-8865.319072,23665,40507.437266
-8865.319072,23665,40552.271284
-7605.106702,23665,40597.728711
-7605.106702,23665,40642.490432
-7605.106702,23665,40687.515451
-3965.558358,23665,40732.330595
-3965.558358,23665,40777.413424
-2127.918171,23665,40823.379385
-2127.918171,23665,40868.41906
-2127.918171,23665,40913.028821
-23109.795789,23665,40958.795907
-23109.795789,23665,41003.589077
-23109.795789,23665,41048.588998
-11288.031439,23665,41093.308772
-11288.031439,23665,41138.317682
-10864.496806,23665,41183.464121
-10864.496806,23665,41228.456848
-10864.496806,23665,41272.975126
-2705.641556,23665,41318.041351
-2705.641556,23665,41363.031831
-4105.728885,23665,41408.278331
-4105.728885,23665,41453.013761
-4105.728885,23665,41498.315373
-8151.950278,23665,41543.367097
-8151.950278,23665,41588.259641
-24287.118019,23665,41633.872883
-24287.118019,23665,41678.903606
-24287.118019,23665,41724.112264
-1583.246236,23665,41769.555904
-1583.246236,23665,41814.272305
-289.554025,23665,41859.352125
-289.554025,23665,41904.159928
-289.554025,23665,41948.901468
-2306.034429,23665,41993.862439
-2306.034429,23665,42038.960981
-2306.034429,23665,42083.826299
-181.045264,23665,42129.173444
-181.045264,23665,42173.908508
-517.512226,23665,42219.076827
-517.512226,23665,42264.207309
-517.512226,23665,42308.972
-930.227974,23665,42354.123089
-930.227974,23665,42398.936191
-298.417239,23665,42444.422401
-298.417239,23665,42489.367392
-298.417239,23665,42534.102705
-717.281311,23665,42579.317093
-717.281311,23665,42624.421897
-276.478626,23665,42669.452702
-276.478626,23665,42714.200372
-276.478626,23665,42758.791438
-3340.207517,23665,42803.931849
-3340.207517,23665,42849.006291
348.843628,23665,42893.851058
348.843628,23665,42938.653661
348.843628,23665,42984.067478
-2000.44391,23665,43029.395879
-2000.44391,23665,43074.081428
-2000.44391,23665,43118.879893
-1322.150001,23665,43163.97289
-1322.150001,23665,43208.836493
-4193.544117,23665,43253.791034
-4193.544117,23665,43298.658027
-4193.544117,23665,43343.810555
-522.339881,23665,43388.910069
-522.339881,23665,43433.712784
-474.031786,23665,43478.893981
-474.031786,23665,43523.759264
-474.031786,23665,43568.615222
