#{"t_start": 1676083064.0416887, "env_id": null}
r,l,t
-325.579435,23665,48.920731
-325.579435,23665,90.720299
-27795.223527,23665,136.104687
-27795.223527,23665,178.916342
-27795.223527,23665,224.303997
-27558.384512,23665,266.901252
-27558.384512,23665,312.457933
-24206.464204,23665,358.44018
-24206.464204,23665,401.211197
-24206.464204,23665,446.636861
-21687.737433,23665,490.395313
-21687.737433,23665,535.520787
-22626.152013,23665,578.938994
-22626.152013,23665,623.858331
-22626.152013,23665,667.183141
-19260.125154,23665,712.316377
-19260.125154,23665,754.732404
-17490.944075,23665,797.836674
-17490.944075,23665,842.688443
-17490.944075,23665,885.058649
-19739.784088,23665,928.472431
-19739.784088,23665,973.496985
-19739.784088,23665,1016.733506
-23922.621885,23665,1059.328523
-23922.621885,23665,1104.325708
-25658.75003,23665,1149.542161
-25658.75003,23665,1192.627076
-25658.75003,23665,1237.573373
-18267.684247,23665,1282.161625
-18267.684247,23665,1325.197167
-21373.299203,23665,1367.971647
-21373.299203,23665,1412.704944
-21373.299203,23665,1455.520427
-26079.629854,23665,1499.132137
-26079.629854,23665,1543.983286
-17663.26686,23665,1587.204271
-17663.26686,23665,1631.864074
-17663.26686,23665,1674.735242
-17087.889776,23665,1719.523833
-17087.889776,23665,1762.223027
-22130.144147,23665,1807.16997
-22130.144147,23665,1849.637059
-22130.144147,23665,1894.100642
-19495.022543,23665,1939.456471
-19495.022543,23665,1982.797431
-19495.022543,23665,2027.424366
-18747.992342,23665,2072.009284
-18747.992342,23665,2114.516578
-15147.837861,23665,2159.110707
-15147.837861,23665,2201.847425
-15147.837861,23665,2246.155373
-18828.148948,23665,2290.107255
-18828.148948,23665,2334.9141
-13754.42114,23665,2378.242584
-13754.42114,23665,2423.037303
-13754.42114,23665,2466.361584
-16913.779023,23665,2510.016594
-16913.779023,23665,2554.917793
-15628.601433,23665,2598.329206
-15628.601433,23665,2643.029863
-15628.601433,23665,2685.960933
-14395.48827,23665,2728.945185
-14395.48827,23665,2773.357364
-14395.48827,23665,2815.977496
-14298.428143,23665,2860.521678
-14298.428143,23665,2903.84352
-12963.015943,23665,2948.751355
-12963.015943,23665,2991.953049
-12963.015943,23665,3036.654982
-10484.656569,23665,3079.559399
-10484.656569,23665,3123.880462
-14579.630508,23665,3166.833909
-14579.630508,23665,3211.39259
-14579.630508,23665,3254.363524
-10942.623561,23665,3299.030129
-10942.623561,23665,3341.77798
-20937.395016,23665,3386.554491
-20937.395016,23665,3429.329674
-20937.395016,23665,3473.485826
-21362.830105,23665,3518.269777
-21362.830105,23665,3561.686887
-14234.988662,23665,3606.614903
-14234.988662,23665,3649.710555
-14234.988662,23665,3694.543183
-15796.432763,23665,3737.442642
-15796.432763,23665,3782.01603
-15796.432763,23665,3824.715228
-17812.714405,23665,3869.80431
-17812.714405,23665,3912.871347
-19132.441161,23665,3957.786246
-19132.441161,23665,4001.050762
-19132.441161,23665,4045.778025
-19805.282528,23665,4089.286058
-19805.282528,23665,4134.26743
-14781.420767,23665,4177.57022
-14781.420767,23665,4222.194252
-14781.420767,23665,4265.331038
-15871.887775,23665,4310.135156
-15871.887775,23665,4353.22946
-25816.848744,23665,4398.294964
-25816.848744,23665,4441.495593
-25816.848744,23665,4486.539236
-14970.112042,23665,4529.818549
-14970.112042,23665,4574.199586
-13771.167396,23665,4617.147694
-13771.167396,23665,4661.606343
-13771.167396,23665,4704.707335
-14579.070568,23665,4749.206243
-14579.070568,23665,4791.847964
-14579.070568,23665,4836.401615
-11619.919181,23665,4881.101782
-11619.919181,23665,4923.652752
-15396.158438,23665,4966.598655
-15396.158438,23665,5011.058715
-15396.158438,23665,5053.604592
-19040.526498,23665,5097.073202
-19040.526498,23665,5141.7231
-16852.457016,23665,5185.002081
-16852.457016,23665,5229.834356
-16852.457016,23665,5272.744392
-14257.263637,23665,5317.592736
-14257.263637,23665,5360.647858
-15444.611313,23665,5405.505829
-15444.611313,23665,5448.677958
-15444.611313,23665,5493.218235
-14417.201256,23665,5536.674829
-14417.201256,23665,5581.856919
-14417.201256,23665,5624.868241
-13875.061631,23665,5669.813754
-13875.061631,23665,5712.834951
-14207.207594,23665,5757.502501
-14207.207594,23665,5800.611181
-14207.207594,23665,5844.943084
-9580.232567,23665,5888.334561
-9580.232567,23665,5932.749104
-14363.757103,23665,5976.898775
-14363.757103,23665,6020.1043
-14363.757103,23665,6064.724515
-14220.473807,23665,6107.952939
-14220.473807,23665,6152.494695
-14116.765847,23665,6196.893078
-14116.765847,23665,6239.782532
-14116.765847,23665,6284.399287
-12453.998044,23665,6327.878219
-12453.998044,23665,6372.389358
-13510.626548,23665,6415.724268
-13510.626548,23665,6460.565773
-13510.626548,23665,6503.828327
-14919.492649,23665,6548.736559
-14919.492649,23665,6591.639148
-14919.492649,23665,6636.185401
-13431.98859,23665,6679.383509
-13431.98859,23665,6723.998303
-15625.615757,23665,6767.147806
-15625.615757,23665,6811.733747
-15625.615757,23665,6854.75501
-15004.780169,23665,6899.319614
-15004.780169,23665,6942.588787
-12534.94352,23665,6987.037057
-12534.94352,23665,7030.159558
-12534.94352,23665,7074.513057
-14898.524437,23665,7117.988797
-14898.524437,23665,7162.46123
-14378.036797,23665,7205.721258
-14378.036797,23665,7249.929068
-14378.036797,23665,7292.915094
-12870.300679,23665,7337.374661
-12870.300679,23665,7380.117874
-15136.092222,23665,7424.869462
-15136.092222,23665,7467.874349
-15136.092222,23665,7512.359908
-11002.766762,23665,7555.524658
-11002.766762,23665,7599.997595
-11002.766762,23665,7642.861354
-14526.525033,23665,7687.52531
-14526.525033,23665,7730.571851
-13877.86944,23665,7775.018032
-13877.86944,23665,7818.081493
-13877.86944,23665,7862.226444
-13117.726476,23665,7905.297408
-13117.726476,23665,7949.707592
-11926.006202,23665,7993.239463
-11926.006202,23665,8037.733775
-11926.006202,23665,8080.632436
-15110.862492,23665,8125.216534
-15110.862492,23665,8168.072011
-12083.733553,23665,8212.794334
-12083.733553,23665,8255.797614
-12083.733553,23665,8300.098704
-15450.476936,23665,8343.323445
-15450.476936,23665,8387.699621
-15450.476936,23665,8430.911187
-11370.239049,23665,8475.557119
-11370.239049,23665,8518.375548
-10722.680436,23665,8562.885695
-10722.680436,23665,8605.977457
-10722.680436,23665,8650.342328
-13396.402716,23665,8693.283736
-13396.402716,23665,8737.585354
-13268.049199,23665,8780.575923
-13268.049199,23665,8824.803519
-13268.049199,23665,8867.643449
-10994.169567,23665,8912.283992
-10994.169567,23665,8955.277158
-11136.796637,23665,8999.594299
-11136.796637,23665,9042.538558
-11136.796637,23665,9086.721941
-13296.182563,23665,9129.88723
-13296.182563,23665,9174.556589
-13625.408744,23665,9218.107778
-13625.408744,23665,9262.428593
-13625.408744,23665,9305.394497
-14612.676889,23665,9349.833087
-14612.676889,23665,9392.800636
-14612.676889,23665,9437.035572
-12161.847483,23665,9480.196364
-12161.847483,23665,9524.440412
-13915.482808,23665,9567.568111
-13915.482808,23665,9611.831745
-13915.482808,23665,9654.620561
-11735.821259,23665,9698.952754
-11735.821259,23665,9741.787453
-15739.448717,23665,9786.402749
-15739.448717,23665,9829.287205
-15739.448717,23665,9873.612455
-11917.365489,23665,9916.78524
-11917.365489,23665,9960.736779
-18968.659168,23665,10003.808859
-18968.659168,23665,10048.022569
-18968.659168,23665,10091.0499
-9437.0929,23665,10135.816677
-9437.0929,23665,10178.620908
-14278.326823,23665,10222.889892
-14278.326823,23665,10265.807976
-14278.326823,23665,10310.194906
-12928.827456,23665,10353.252952
-12928.827456,23665,10397.804799
-12928.827456,23665,10440.866288
-15376.123723,23665,10485.397609
-15376.123723,23665,10528.435035
-10544.373048,23665,10572.932139
-10544.373048,23665,10615.717676
-10544.373048,23665,10659.850676
-10237.057193,23665,10702.991267
-10237.057193,23665,10747.309119
-8185.764748,23665,10790.325353
-8185.764748,23665,10834.315225
-8185.764748,23665,10877.132067
-10705.057866,23665,10921.426694
-10705.057866,23665,10964.30631
-14427.28685,23665,11008.753364
-14427.28685,23665,11051.727351
-14427.28685,23665,11095.742545
-15998.208147,23665,11138.922877
-15998.208147,23665,11183.116123
-15998.208147,23665,11226.483428
-14066.280719,23665,11270.718173
-14066.280719,23665,11314.252128
-10408.655262,23665,11358.432518
-10408.655262,23665,11401.291544
-10408.655262,23665,11445.440012
-13720.44472,23665,11488.596689
-13720.44472,23665,11532.823091
-8306.733486,23665,11575.668576
-8306.733486,23665,11619.676491
-8306.733486,23665,11662.438699
-10137.898651,23665,11706.638569
-10137.898651,23665,11749.260667
-8246.514905,23665,11793.407105
-8246.514905,23665,11836.576534
-8246.514905,23665,11880.326303
-9410.788088,23665,11923.275818
-9410.788088,23665,11967.346773
-11358.472045,23665,12010.288601
-11358.472045,23665,12054.089236
-11358.472045,23665,12096.540736
-13265.228261,23665,12140.71482
-13265.228261,23665,12183.24263
-13265.228261,23665,12227.189302
-10709.777522,23665,12270.30105
-10709.777522,23665,12314.44649
-11526.906969,23665,12358.2595
-11526.906969,23665,12400.7799
-11526.906969,23665,12444.770508
-11848.547562,23665,12489.321459
-11848.547562,23665,12531.950389
-10269.734011,23665,12576.03188
-10269.734011,23665,12618.730448
-10269.734011,23665,12662.489514
-11228.815676,23665,12705.350947
-11228.815676,23665,12749.440997
-11402.709406,23665,12793.098411
-11402.709406,23665,12838.262051
-11402.709406,23665,12881.566527
-13234.697814,23665,12925.921153
-13234.697814,23665,12968.953502
-8064.764495,23665,13012.945574
-8064.764495,23665,13055.748644
-8064.764495,23665,13099.696133
-8626.556196,23665,13142.481006
-8626.556196,23665,13186.221832
-8626.556196,23665,13229.309503
-10407.757737,23665,13273.385255
-10407.757737,23665,13315.990298
-13043.908508,23665,13360.153267
-13043.908508,23665,13402.975498
-13043.908508,23665,13446.76539
-7905.729582,23665,13489.492316
-7905.729582,23665,13533.312503
-9959.901851,23665,13576.175266
-9959.901851,23665,13619.738294
-9959.901851,23665,13662.329398
-11685.735922,23665,13705.24446
-11685.735922,23665,13748.885431
-11080.311792,23665,13791.0262
-11080.311792,23665,13834.602297
-11080.311792,23665,13876.847082
-10152.146591,23665,13919.41636
-10152.146591,23665,13963.030169
-10152.146591,23665,14005.414708
-7300.883706,23665,14049.346071
-7300.883706,23665,14091.792219
-10629.615869,23665,14135.846981
-10629.615869,23665,14178.512728
-10629.615869,23665,14222.145385
-10371.828817,23665,14264.945223
-10371.828817,23665,14308.870244
-13234.948946,23665,14352.122488
-13234.948946,23665,14395.901229
-13234.948946,23665,14438.670232
-10041.698574,23665,14482.806371
-10041.698574,23665,14525.522857
-10645.657706,23665,14569.403594
-10645.657706,23665,14612.260405
-10645.657706,23665,14656.122685
-11709.450693,23665,14699.040173
-11709.450693,23665,14742.852979
-8823.021952,23665,14785.947399
-8823.021952,23665,14829.680353
-8823.021952,23665,14872.153997
-10420.830822,23665,14916.663952
-10420.830822,23665,14959.570456
-10420.830822,23665,15003.989098
-6481.488939,23665,15046.76843
-6481.488939,23665,15090.507612
-5736.430426,23665,15133.443114
-5736.430426,23665,15177.088558
-5736.430426,23665,15219.727661
-8238.153045,23665,15262.612965
-8238.153045,23665,15306.33472
-7817.81351,23665,15349.784813
-7817.81351,23665,15392.677758
-7817.81351,23665,15436.743225
-7822.698401,23665,15479.536379
-7822.698401,23665,15523.392672
-8847.956639,23665,15566.440061
-8847.956639,23665,15610.109363
-8847.956639,23665,15652.844385
-8295.935454,23665,15696.72047
-8295.935454,23665,15739.318998
-9212.556109,23665,15783.299856
-9212.556109,23665,15825.982326
-9212.556109,23665,15869.727354
-9825.158255,23665,15912.598127
-9825.158255,23665,15956.376408
-9825.158255,23665,15999.248239
-7003.287053,23665,16043.144701
-7003.287053,23665,16086.056964
-9345.068631,23665,16130.002137
-9345.068631,23665,16172.821157
-9345.068631,23665,16216.59675
-11955.735473,23665,16260.470541
-11955.735473,23665,16303.278065
-10843.689434,23665,16347.105118
-10843.689434,23665,16390.273087
-10843.689434,23665,16433.737746
-11108.656101,23665,16477.374756
-11108.656101,23665,16520.282844
-11385.743482,23665,16564.299837
-11385.743482,23665,16606.941036
-11385.743482,23665,16650.764564
-10514.236417,23665,16693.917802
-10514.236417,23665,16737.552403
-10514.236417,23665,16780.282375
-10451.011608,23665,16824.163638
-10451.011608,23665,16866.907409
-10651.627753,23665,16909.92283
-10651.627753,23665,16953.540785
-10651.627753,23665,16997.252697
-11536.308622,23665,17039.808351
-11536.308622,23665,17083.369005
-10530.177118,23665,17126.267165
-10530.177118,23665,17170.03367
-10530.177118,23665,17213.002045
-14168.158224,23665,17255.926936
-14168.158224,23665,17299.802837
-9050.802935,23665,17343.522066
-9050.802935,23665,17385.808543
-9050.802935,23665,17429.640674
-8854.056652,23665,17472.512226
-8854.056652,23665,17516.038642
-11990.41517,23665,17558.91812
-11990.41517,23665,17602.695894
-11990.41517,23665,17645.5963
-12775.308699,23665,17689.498369
-12775.308699,23665,17732.027657
-12775.308699,23665,17775.752891
-14083.899812,23665,17818.652828
-14083.899812,23665,17862.500729
-11576.200809,23665,17905.49677
-11576.200809,23665,17949.204341
-11576.200809,23665,17991.762781
-10282.110328,23665,18035.641163
-10282.110328,23665,18078.552891
-9169.740594,23665,18122.397892
-9169.740594,23665,18165.296035
-9169.740594,23665,18209.260865
-7213.574891,23665,18252.75813
-7213.574891,23665,18295.49092
-9013.298566,23665,18339.515335
-9013.298566,23665,18382.340221
-9013.298566,23665,18426.114477
-8055.156176,23665,18468.908035
-8055.156176,23665,18512.616846
-8168.448423,23665,18555.513957
-8168.448423,23665,18598.850926
-8168.448423,23665,18641.379499
-10800.54628,23665,18685.121202
-10800.54628,23665,18727.815353
-10800.54628,23665,18771.582097
-10096.022381,23665,18814.562671
-10096.022381,23665,18858.216714
-10612.402596,23665,18900.856694
-10612.402596,23665,18944.591711
-10612.402596,23665,18987.412216
-11214.09275,23665,19031.605776
-11214.09275,23665,19074.044264
-7654.329719,23665,19118.140234
-7654.329719,23665,19160.771742
-7654.329719,23665,19204.243841
-10168.138238,23665,19246.936015
-10168.138238,23665,19290.559778
-13121.714489,23665,19333.492617
-13121.714489,23665,19376.951623
-13121.714489,23665,19419.596264
-12464.645112,23665,19463.46144
-12464.645112,23665,19506.054275
-12464.645112,23665,19549.423491
-11958.07876,23665,19592.493508
-11958.07876,23665,19636.014989
-10955.643997,23665,19679.525106
-10955.643997,23665,19722.219733
-10955.643997,23665,19765.714662
-11094.723015,23665,19808.914317
-11094.723015,23665,19852.278127
-13053.527998,23665,19895.774055
-13053.527998,23665,19938.573137
-13053.527998,23665,19982.522946
-9876.378946,23665,20025.428773
-9876.378946,23665,20068.927397
-12212.454894,23665,20111.56374
-12212.454894,23665,20155.020365
-12212.454894,23665,20197.454369
-12938.683383,23665,20241.585403
-12938.683383,23665,20284.521816
-11838.478891,23665,20328.060259
-11838.478891,23665,20370.681518
-11838.478891,23665,20414.192797
-11613.603556,23665,20456.935117
-11613.603556,23665,20500.407513
-11613.603556,23665,20543.167042
-11997.946591,23665,20586.9009
-11997.946591,23665,20629.208323
-14928.39137,23665,20673.0943
-14928.39137,23665,20715.649417
-14928.39137,23665,20759.004417
-11371.822492,23665,20801.608948
-11371.822492,23665,20844.901106
-13770.644834,23665,20887.89153
-13770.644834,23665,20931.358533
-13770.644834,23665,20974.096819
-15386.122923,23665,21018.023224
-15386.122923,23665,21060.556576
-16064.967116,23665,21104.349133
-16064.967116,23665,21146.998272
-16064.967116,23665,21190.744688
-15758.14764,23665,21233.364655
-15758.14764,23665,21276.720181
-16228.488848,23665,21319.606756
-16228.488848,23665,21364.93584
-16228.488848,23665,21407.530235
-14901.025341,23665,21451.277321
-14901.025341,23665,21494.485323
-14901.025341,23665,21537.991273
-20077.304502,23665,21581.154366
-20077.304502,23665,21624.637926
-17373.89206,23665,21667.733331
-17373.89206,23665,21711.18745
-17373.89206,23665,21754.001918
-15736.054065,23665,21797.920284
-15736.054065,23665,21840.602698
-16718.703804,23665,21884.404009
-16718.703804,23665,21927.187073
-16718.703804,23665,21970.777797
-18381.188555,23665,22013.817151
-18381.188555,23665,22057.182988
-15505.930285,23665,22100.649488
-15505.930285,23665,22144.212754
-15505.930285,23665,22186.796254
-11815.769187,23665,22230.903044
-11815.769187,23665,22273.616161
-11815.769187,23665,22316.969366
-32662.11545,23665,22359.902182
-32662.11545,23665,22403.541845
-17851.91927,23665,22446.437808
-17851.91927,23665,22489.7646
-17851.91927,23665,22532.354435
-18254.533753,23665,22576.173706
-18254.533753,23665,22618.833147
-13917.962098,23665,22662.621423
-13917.962098,23665,22705.378212
-13917.962098,23665,22748.929349
-11356.537265,23665,22791.601285
-11356.537265,23665,22835.118187
-16881.99202,23665,22878.21734
-16881.99202,23665,22921.622346
-16881.99202,23665,22964.216362
-17790.218569,23665,23007.879796
-17790.218569,23665,23050.567492
-10595.053038,23665,23094.084496
-10595.053038,23665,23136.531059
-10595.053038,23665,23179.896483
-16808.225372,23665,23223.027656
-16808.225372,23665,23266.489955
-16808.225372,23665,23309.370306
-11305.39678,23665,23352.808177
-11305.39678,23665,23395.595616
-15530.545494,23665,23439.276692
-15530.545494,23665,23482.103584
-15530.545494,23665,23525.576593
-16645.349899,23665,23568.96512
-16645.349899,23665,23612.484217
-15945.168251,23665,23655.385529
-15945.168251,23665,23698.63651
-15945.168251,23665,23741.375653
-11493.301825,23665,23784.285312
-11493.301825,23665,23827.676414
-11609.052457,23665,23870.797817
-11609.052457,23665,23913.77901
-11609.052457,23665,23957.001027
-7937.83648,23665,23999.433812
-7937.83648,23665,24042.746259
-14981.651456,23665,24085.521425
-14981.651456,23665,24129.061326
-14981.651456,23665,24171.530079
-13992.383526,23665,24215.320103
-13992.383526,23665,24257.766311
-13992.383526,23665,24300.917768
-10063.458694,23665,24343.657982
-10063.458694,23665,24386.780584
-9393.21584,23665,24429.532834
-9393.21584,23665,24472.682005
-9393.21584,23665,24515.276174
-9400.332985,23665,24558.735111
-9400.332985,23665,24601.200075
-14556.617615,23665,24644.850701
-14556.617615,23665,24687.541254
-14556.617615,23665,24730.922001
-10937.386384,23665,24773.820321
-10937.386384,23665,24817.232722
-12223.866245,23665,24860.234749
-12223.866245,23665,24903.844194
-12223.866245,23665,24946.428378
-10992.692572,23665,24989.974824
-10992.692572,23665,25032.712249
-10992.692572,23665,25075.747397
-10217.351995,23665,25118.915739
-10217.351995,23665,25162.110168
-9516.255505,23665,25205.104347
-9516.255505,23665,25248.242193
-9516.255505,23665,25291.008762
-12667.999985,23665,25334.572724
-12667.999985,23665,25377.370605
-12775.743689,23665,25420.764215
-12775.743689,23665,25463.416256
-12775.743689,23665,25506.633029
-10835.362941,23665,25549.472092
-10835.362941,23665,25592.68466
-12319.20552,23665,25635.422626
-12319.20552,23665,25678.427581
-12319.20552,23665,25721.316612
-11361.066077,23665,25764.676095
-11361.066077,23665,25807.194783
-13455.974567,23665,25850.521289
-13455.974567,23665,25893.224502
-13455.974567,23665,25936.442287
-11344.781416,23665,25979.128842
-11344.781416,23665,26022.246826
-11344.781416,23665,26064.702303
-10479.85131,23665,26107.997455
-10479.85131,23665,26150.427846
-17844.732967,23665,26193.864906
-17844.732967,23665,26236.533411
-17844.732967,23665,26279.577451
-9397.632785,23665,26322.427241
-9397.632785,23665,26365.611671
-13304.823911,23665,26408.379773
-13304.823911,23665,26451.444787
-13304.823911,23665,26494.011309
-10366.309621,23665,26537.361414
-10366.309621,23665,26579.580438
-13056.04848,23665,26623.080226
-13056.04848,23665,26665.552281
-13056.04848,23665,26708.736397
-11870.89995,23665,26751.56296
-11870.89995,23665,26794.596957
-11407.334367,23665,26837.574861
-11407.334367,23665,26880.676993
-11407.334367,23665,26923.315183
-9581.514788,23665,26966.520536
-9581.514788,23665,27008.844548
-9581.514788,23665,27051.656324
-17321.967918,23665,27094.289294
-17321.967918,23665,27137.308168
-13527.7608,23665,27180.557694
-13527.7608,23665,27223.819634
-13527.7608,23665,27266.397346
-11017.703436,23665,27309.728384
-11017.703436,23665,27352.198278
-9296.459408,23665,27395.528141
-9296.459408,23665,27437.967424
-9296.459408,23665,27480.711311
-14644.276986,23665,27523.612511
-14644.276986,23665,27566.545906
-11407.02197,23665,27609.048564
-11407.02197,23665,27651.959199
-11407.02197,23665,27694.379153
-10488.913777,23665,27737.678341
-10488.913777,23665,27779.90952
-10488.913777,23665,27823.12402
-13426.985789,23665,27865.586171
-13426.985789,23665,27908.697331
-11168.189543,23665,27951.119583
-11168.189543,23665,27994.218537
-11168.189543,23665,28036.586478
-15111.319581,23665,28079.730163
-15111.319581,23665,28122.575572
-14768.002629,23665,28165.964223
-14768.002629,23665,28208.493098
-14768.002629,23665,28251.482665
-11700.898563,23665,28294.227545
-11700.898563,23665,28337.429814
-15432.472221,23665,28380.126631
-15432.472221,23665,28423.72123
-15432.472221,23665,28466.360405
-13894.533599,23665,28509.840849
-13894.533599,23665,28552.223929
-15054.274356,23665,28595.531045
-15054.274356,23665,28638.283078
-15054.274356,23665,28681.288562
-13876.384687,23665,28724.123339
-13876.384687,23665,28767.196426
-13876.384687,23665,28809.907915
-13505.390057,23665,28853.038063
-13505.390057,23665,28895.924515
-12849.110351,23665,28939.117511
-12849.110351,23665,28981.63362
-12849.110351,23665,29024.650563
-18158.423857,23665,29067.634513
-18158.423857,23665,29110.76902
-14611.318985,23665,29153.462183
-14611.318985,23665,29196.650547
-14611.318985,23665,29239.090828
-15453.548866,23665,29282.362674
-15453.548866,23665,29325.128565
-15461.567497,23665,29368.359279
-15461.567497,23665,29410.762634
-15461.567497,23665,29453.755245
-16635.503289,23665,29496.478097
-16635.503289,23665,29539.513863
-8522.598172,23665,29581.958282
-8522.598172,23665,29625.026021
-8522.598172,23665,29667.335541
-10083.867588,23665,29709.863512
-10083.867588,23665,29752.455804
-10083.867588,23665,29794.817453
-11764.784121,23665,29837.591338
-11764.784121,23665,29880.73546
-13035.54869,23665,29923.507699
-13035.54869,23665,29966.584387
-13035.54869,23665,30009.251545
-17195.493092,23665,30052.523946
-17195.493092,23665,30095.28712
-12242.410457,23665,30138.571302
-12242.410457,23665,30181.079532
-12242.410457,23665,30224.106035
-15611.412081,23665,30266.900729
-15611.412081,23665,30309.964792
-11288.654676,23665,30352.527751
-11288.654676,23665,30395.541525
-11288.654676,23665,30438.166642
-15890.121609,23665,30481.098258
-15890.121609,23665,30523.866241
-15890.121609,23665,30566.9937
-8290.336971,23665,30609.723205
-8290.336971,23665,30652.565956
-13942.417005,23665,30695.407557
-13942.417005,23665,30738.413205
-13942.417005,23665,30781.311367
-12309.206042,23665,30825.233824
-12309.206042,23665,30869.30977
-8682.740002,23665,30912.437521
-8682.740002,23665,30955.139825
-8682.740002,23665,30998.148403
-16359.844064,23665,31041.013911
-16359.844064,23665,31084.209654
-11976.134384,23665,31126.838665
-11976.134384,23665,31169.923517
-11976.134384,23665,31212.358926
-13337.136772,23665,31255.345041
-13337.136772,23665,31297.80349
-10491.836302,23665,31340.897219
-10491.836302,23665,31383.261188
-10491.836302,23665,31425.987158
-10179.81172,23665,31468.617597
-10179.81172,23665,31511.561175
-10179.81172,23665,31553.871189
-15769.315017,23665,31597.081652
-15769.315017,23665,31639.431143
-8482.415228,23665,31682.368385
-8482.415228,23665,31724.892576
-8482.415228,23665,31767.944893
-8995.835592,23665,31810.743658
-8995.835592,23665,31853.963752
-11142.857226,23665,31896.786315
-11142.857226,23665,31939.709931
-11142.857226,23665,31982.28497
-12577.094117,23665,32025.784749
-12577.094117,23665,32068.887026
-11898.505104,23665,32112.274946
-11898.505104,23665,32154.718907
-11898.505104,23665,32197.711443
-10122.566403,23665,32240.518898
-10122.566403,23665,32283.353238
-14586.556295,23665,32326.269906
-14586.556295,23665,32369.198435
-14586.556295,23665,32411.780398
-11176.634517,23665,32454.77044
-11176.634517,23665,32497.274764
-11176.634517,23665,32540.114208
-11751.824414,23665,32582.818347
-11751.824414,23665,32625.791638
-9405.197711,23665,32668.511992
-9405.197711,23665,32711.358652
-9405.197711,23665,32753.887273
-10624.077654,23665,32796.876673
-10624.077654,23665,32839.269423
-14542.384482,23665,32882.213796
-14542.384482,23665,32924.866079
-14542.384482,23665,32967.866449
-12455.068685,23665,33010.680283
-12455.068685,23665,33053.508758
-15458.887355,23665,33096.199058
-15458.887355,23665,33139.193348
-15458.887355,23665,33181.73429
-8622.871782,23665,33224.937307
-8622.871782,23665,33267.478922
-8622.871782,23665,33310.293836
-17316.006555,23665,33352.904553
-17316.006555,23665,33395.80387
-13619.599255,23665,33438.584146
-13619.599255,23665,33481.70264
-13619.599255,23665,33524.325979
-13126.580039,23665,33567.546067
-13126.580039,23665,33610.147233
-15354.097599,23665,33653.335963
-15354.097599,23665,33696.132858
-15354.097599,23665,33739.199363
-12063.697209,23665,33781.953538
-12063.697209,23665,33824.752811
-18537.069873,23665,33867.802236
-18537.069873,23665,33910.764087
-18537.069873,23665,33953.542184
-19499.742919,23665,33996.858253
-19499.742919,23665,34039.994329
-20044.305089,23665,34083.173181
-20044.305089,23665,34125.755434
-20044.305089,23665,34168.766355
-15585.501907,23665,34211.585213
-15585.501907,23665,34254.488646
-15585.501907,23665,34297.2862
-18279.650307,23665,34340.535735
-18279.650307,23665,34384.29689
-13830.66067,23665,34427.331051
-13830.66067,23665,34469.936757
-13830.66067,23665,34512.843933
-14423.861406,23665,34555.635609
-14423.861406,23665,34598.687854
-12956.446204,23665,34641.531339
-12956.446204,23665,34684.507917
-12956.446204,23665,34726.9532
-12299.27718,23665,34770.027308
-12299.27718,23665,34812.44305
-15039.706438,23665,34855.382558
-15039.706438,23665,34897.965953
-15039.706438,23665,34940.806079
-12019.426557,23665,34983.634146
-12019.426557,23665,35026.449084
-13946.69713,23665,35069.161582
-13946.69713,23665,35112.074073
-13946.69713,23665,35154.348778
-12232.151035,23665,35197.445237
-12232.151035,23665,35240.011597
-12232.151035,23665,35282.948554
-19198.721568,23665,35325.634323
-19198.721568,23665,35368.617685
-14929.184433,23665,35411.472512
-14929.184433,23665,35454.384527
-14929.184433,23665,35496.95615
-11812.139661,23665,35539.936631
-11812.139661,23665,35582.657334
-15992.015487,23665,35625.786904
-15992.015487,23665,35668.561306
-15992.015487,23665,35711.531357
-9143.987505,23665,35754.064337
-9143.987505,23665,35796.863693
-14453.779976,23665,35839.718925
-14453.779976,23665,35883.972171
-14453.779976,23665,35926.427454
-10685.854877,23665,35969.43065
-10685.854877,23665,36012.403479
-10685.854877,23665,36055.262759
-15008.528676,23665,36098.153077
-15008.528676,23665,36140.873019
-13504.733361,23665,36183.816081
-13504.733361,23665,36226.574447
-13504.733361,23665,36269.089032
-15016.794256,23665,36312.21364
-15016.794256,23665,36354.834705
-11440.320286,23665,36397.845155
-11440.320286,23665,36440.444626
-11440.320286,23665,36483.374312
-8269.652655,23665,36526.163404
-8269.652655,23665,36568.876714
-12161.341754,23665,36611.560993
-12161.341754,23665,36654.189059
-12161.341754,23665,36696.720039
-10818.997444,23665,36739.762274
-10818.997444,23665,36782.331345
-11970.93791,23665,36825.477989
-11970.93791,23665,36868.04238
-11970.93791,23665,36910.900693
-14027.190594,23665,36953.407901
-14027.190594,23665,36996.222353
-14027.190594,23665,37038.82493
-10352.31703,23665,37082.03461
-10352.31703,23665,37124.529283
-10775.876218,23665,37168.727071
-10775.876218,23665,37215.795637
-10775.876218,23665,37258.640543
-11271.063777,23665,37301.643628
-11271.063777,23665,37344.639698
-13204.32105,23665,37387.716808
-13204.32105,23665,37430.423683
-13204.32105,23665,37473.045126
-9608.833316,23665,37515.9039
-9608.833316,23665,37558.318146
-9273.259455,23665,37601.276683
-9273.259455,23665,37643.80896
-9273.259455,23665,37686.700276
-10201.24578,23665,37729.351879
-10201.24578,23665,37772.049392
-8378.589429,23665,37814.758296
-8378.589429,23665,37857.419185
-8378.589429,23665,37899.914293
-10916.594235,23665,37942.877871
-10916.594235,23665,37986.524449
-10916.594235,23665,38029.245816
-9283.225368,23665,38072.105359
-9283.225368,23665,38114.747854
-14222.808448,23665,38157.569652
-14222.808448,23665,38200.347142
-14222.808448,23665,38242.994296
-17061.427875,23665,38286.288417
-17061.427875,23665,38328.789649
-11625.806871,23665,38371.783034
-11625.806871,23665,38414.346503
-11625.806871,23665,38456.942039
-10103.516921,23665,38499.61416
-10103.516921,23665,38542.17217
-16652.649747,23665,38585.180265
-16652.649747,23665,38627.804982
-16652.649747,23665,38670.339763
-10096.398472,23665,38713.269482
-10096.398472,23665,38755.481162
-10096.398472,23665,38798.245934
-9689.275867,23665,38841.044776
-9689.275867,23665,38883.957432
-8259.323413,23665,38927.172892
-8259.323413,23665,38969.882032
-8259.323413,23665,39012.33235
-13322.324521,23665,39055.431461
-13322.324521,23665,39097.998985
-12721.750362,23665,39141.021328
-12721.750362,23665,39183.655316
-12721.750362,23665,39226.450913
-12375.683498,23665,39269.461674
-12375.683498,23665,39312.296439
-6717.770857,23665,39354.933531
-6717.770857,23665,39397.872633
-6717.770857,23665,39440.295051
-7390.499904,23665,39483.262253
-7390.499904,23665,39525.650481
-8209.066189,23665,39568.503695
-8209.066189,23665,39610.866903
-8209.066189,23665,39653.44529
-9549.11749,23665,39696.285135
-9549.11749,23665,39738.933291
-9549.11749,23665,39781.359236
-9695.212327,23665,39824.29783
-9695.212327,23665,39866.799328
-12819.585463,23665,39909.79588
-12819.585463,23665,39952.539165
-12819.585463,23665,39995.28969
-12822.593625,23665,40038.173834
-12822.593625,23665,40080.839729
-11737.631686,23665,40124.215804
-11737.631686,23665,40169.149256
-11737.631686,23665,40212.117171
-13731.361304,23665,40254.919094
-13731.361304,23665,40297.578795
-10698.305379,23665,40340.522191
-10698.305379,23665,40383.010084
-10698.305379,23665,40425.602976
-12707.972282,23665,40468.333977
-12707.972282,23665,40511.002868
-12825.353881,23665,40553.634036
-12825.353881,23665,40596.349977
-12825.353881,23665,40638.86249
-10805.520823,23665,40682.194065
-10805.520823,23665,40724.805621
-10805.520823,23665,40767.597495
-15216.694936,23665,40810.453928
-15216.694936,23665,40853.221861
-14256.1411,23665,40896.030123
-14256.1411,23665,40938.735638
-14256.1411,23665,40981.367162
-9356.586917,23665,41024.374168
-9356.586917,23665,41066.883246
-12402.609958,23665,41109.816005
-12402.609958,23665,41152.201052
-12402.609958,23665,41194.760289
